key	title	doi	status	local_path	source_url	http_status	content_type	note
Pebesma_2004_gstat	Multivariable geostatistics in S: the gstat package	10.1016/j.cageo.2004.03.012	manual_present	corpus\papers\raw_pdf\pebesma2004.pdf	https://doi.org/10.1016/j.cageo.2004.03.012			Unpaywall: aucune version open access connue. Tentatives: 200 text/html;charset=UTF-8 https://doi.org/10.1016/j.cageo.2004.03.012 PDF deja present localement sous pebesma2004.pdf.
Minasny_McBratney_2007_EBLUP_Matern	Spatial prediction of soil properties using EBLUP with the Mat{\'e	10.1016/j.geoderma.2007.04.028	manual_present	corpus\papers\raw_pdf\Spatial prediction of soil properties using EBLUP.pdf	https://doi.org/10.1016/j.geoderma.2007.04.028			Unpaywall: aucune version open access connue. Tentatives: 200 text/html;charset=UTF-8 https://doi.org/10.1016/j.geoderma.2007.04.028 PDF ajoute manuellement dans corpus/papers/raw_pdf.
Behrens_ViscarraRossel_2020_InformationHorizon	On the interpretability of predictors in spatial data science: the information horizon	10.1038/s41598-020-73773-y	downloaded	corpus\papers\raw_pdf\Behrens_ViscarraRossel_2020_InformationHorizon.pdf	https://www.nature.com/articles/s41598-020-73773-y.pdf	200	application/pdf	
Moller_2020_OGC	Oblique geographic coordinates as covariates for digital soil mapping	10.5194/soil-6-269-2020	downloaded	corpus\papers\raw_pdf\Moller_2020_OGC.pdf	https://soil.copernicus.org/articles/6/269/2020/soil-6-269-2020.pdf	200	application/pdf	
Mao_Yao_2020_KingCounty_HousePrice	A Geographic Feature Integrated Multivariate Linear Regression Method for House Price Prediction	10.2991/assehr.k.201214.522	manual_present	corpus\papers\raw_pdf\A geographic feature integrated multivariate linear regression method.pdf	https://doi.org/10.2991/assehr.k.201214.522			Tentatives: 200 text/html;charset=utf-8 https://doi.org/10.2991/assehr.k.201214.522 PDF ajoute manuellement dans corpus/papers/raw_pdf.
Li_2024_GeoShapley_KingCounty	GeoShapley: A Game Theory Approach to Measuring Spatial Effects in Machine Learning Models	10.1080/24694452.2024.2350982	manual_present	corpus\papers\raw_pdf\GeoShapley  A Game Theory Approach to Measuring Spatial Effects in Machine Learning Models.pdf	https://doi.org/10.1080/24694452.2024.2350982 | https://www.tandfonline.com/doi/pdf/10.1080/24694452.2024.2350982?needAccess=true			Tentatives: 403 text/html; charset=UTF-8 https://doi.org/10.1080/24694452.2024.2350982 ; 403 text/html; charset=UTF-8 https://www.tandfonline.com/doi/pdf/10.1080/24694452.2024.2350982?needAccess=true PDF ajoute manuellement dans corpus/papers/raw_pdf.
Bongiovanni_LowenbergDeBoer_2000_LasRosas_Nitrogen	Nitrogen Management in Corn Using Site-Specific Crop Response Estimates from a Spatial Regression Model		manual_present	corpus\papers\raw_pdf\Economics of Nitrogen Management in Corn Using Sitespecific cross response.pdf	https://scispace.com/papers/nitrogen-management-in-corn-using-site-specific-crop-1vl2da67sx			DOI absent. Tentatives: 405 text/html; charset=UTF-8 https://scispace.com/papers/nitrogen-management-in-corn-using-site-specific-crop-1vl2da67sx PDF ajoute manuellement dans corpus/papers/raw_pdf.
Rakshit_Baddeley_2020_LasRosas_GWR	Novel Approach to the Analysis of Spatially-Varying Treatment Effects in On-Farm Experiments	10.1016/j.fcr.2020.107783	manual_present	corpus\papers\raw_pdf\rakshit2020_Novel approach to the analysis of spatially-varying treatment effects in onfarm experiments.pdf	https://doi.org/10.1016/j.fcr.2020.107783			Unpaywall: aucune version open access connue. Tentatives: 200 text/html;charset=UTF-8 https://doi.org/10.1016/j.fcr.2020.107783 PDF ajoute manuellement dans corpus/papers/raw_pdf.
Wang_Huang_2026_GWRBoost_NYCEducation	GWRBoost: A Geographically Weighted Gradient Boosting Framework for Enhanced Explainable Quantification of Spatially Varying Relationships	10.1080/24694452.2026.2648327	manual_present	corpus\papers\raw_pdf\A geographically weighted gradient boosting method for explainable quantification of spatially-varying relationships_GWRBoost.pdf	https://doi.org/10.1080/24694452.2026.2648327			Unpaywall: aucune version open access connue. Tentatives: 403 text/html; charset=UTF-8 https://doi.org/10.1080/24694452.2026.2648327 PDF ajoute manuellement dans corpus/papers/raw_pdf.
Liu_Kounadi_ZuritaMilla_2022_SAC_ML	Incorporating Spatial Autocorrelation in Machine Learning Models Using Spatial Lag and Eigenvector Spatial Filtering Features	10.3390/ijgi11040242	manual_present	corpus\papers\raw_pdf\Incorporating Spatial Autocorrelation in Machine Learning Models Using Spatial Lag and Eigenvector Spatial Filtering Features.pdf	https://doi.org/10.3390/ijgi11040242 | https://www.mdpi.com/2220-9964/11/4/242/pdf?version=1649398052 | https://dx.doi.org/10.3390/ijgi11040242			Tentatives: 403 text/html https://doi.org/10.3390/ijgi11040242 ; 403 text/html https://www.mdpi.com/2220-9964/11/4/242/pdf?version=1649398052 ; 403 text/html https://dx.doi.org/10.3390/ijgi11040242 PDF ajoute manuellement dans corpus/papers/raw_pdf.
Brenning_2023_SpatialMLDiagnostics	Spatial machine-learning model diagnostics: a model-agnostic distance-based approach	10.1080/13658816.2022.2131789	downloaded	corpus\papers\raw_pdf\Brenning_2023_SpatialMLDiagnostics.pdf	https://arxiv.org/pdf/2111.08478	200	application/pdf	
Wiedemann_Martin_Westerholt_2023_SpatialHeterogeneityBenchmark	Benchmarking Regression Models Under Spatial Heterogeneity	10.4230/lipics.giscience.2023.11	manual_present	corpus\papers\raw_pdf\Wiedemann_Martin_Westerholt_2023_SpatialHeterogeneityBenchmark.pdf	https://drops.dagstuhl.de/entities/document/10.4230/LIPIcs.GIScience.2023.11			Unpaywall HTTP 404 Tentatives: 200 text/html; charset=utf-8 https://drops.dagstuhl.de/entities/document/10.4230/LIPIcs.GIScience.2023.11 PDF ajoute manuellement dans corpus/papers/raw_pdf.
Krotha_2025_Zinc_Kriging_GWR	Exploring Spatial Data Mining Techniques: Predicting Zinc Concentration with Kriging Methods and Geographically Weighted Regression	10.14246/irspsd.13.2_145	downloaded	corpus\papers\raw_pdf\Krotha_2025_Zinc_Kriging_GWR.pdf	https://www.jstage.jst.go.jp/article/irspsd/13/2/13_10/_pdf	200	application/pdf;charset=UTF-8	
Gyodi_Nawaro_2021_AirbnbEuropeanCities	Determinants of Airbnb prices in European cities: A spatial econometrics approach	10.1016/j.tourman.2021.104319	manual_present	corpus\papers\raw_pdf\Determinants of Airbnb prices in European cities A spatial econometrics approach.pdf	https://doi.org/10.1016/j.tourman.2021.104319 | https://www.sciencedirect.com/science/article/pii/S0261517721000388/pdf			Tentatives: 200 text/html;charset=UTF-8 https://doi.org/10.1016/j.tourman.2021.104319 ; 403 text/html; charset=UTF-8 https://www.sciencedirect.com/science/article/pii/S0261517721000388/pdf PDF ajoute manuellement dans corpus/papers/raw_pdf.
Lagonigro_Martori_Apparicio_2020_AirbnbBarcelonaGWR	Understanding Airbnb spatial distribution in a southern European city: The case of Barcelona	10.1016/j.apgeog.2019.102136	manual_present	corpus\papers\raw_pdf\lagonigro2020_Understanding Airbnb spatial distribution in a southern European city The case of barcelona.pdf	https://doi.org/10.1016/j.apgeog.2019.102136			Unpaywall: aucune version open access connue. Tentatives: 200 text/html;charset=UTF-8 https://doi.org/10.1016/j.apgeog.2019.102136 PDF ajoute manuellement dans corpus/papers/raw_pdf.
EugenioMartin_CazorlaArtiles_GonzalezMartel_2019_AirbnbCanarySpatial	On the determinants of Airbnb location and its spatial distribution	10.1177/1354816618825415	manual_present	corpus\papers\raw_pdf\EugenioMartin_CazorlaArtiles_GonzalezMartel_2019_AirbnbCanarySpatial.pdf	https://doi.org/10.1177/1354816618825415			Unpaywall: aucune version open access connue. Tentatives: 403 text/html; charset=UTF-8 https://doi.org/10.1177/1354816618825415 PDF ajoute manuellement dans corpus/papers/raw_pdf.
Cahill_Mulligan_2007_CrimeGWRPortland	Using Geographically Weighted Regression to Explore Local Crime Patterns	10.1177/0894439307298925	manual_present	corpus\papers\raw_pdf\cahill2007_Using Geographically Weighted Regression to Explore Local Crime Patterns.pdf	https://doi.org/10.1177/0894439307298925			Unpaywall: aucune version open access connue. Tentatives: 403 text/html; charset=UTF-8 https://doi.org/10.1177/0894439307298925 PDF ajoute manuellement dans corpus/papers/raw_pdf.
Wheeler_Waller_2009_CrimeSVCGWRHouston	Comparing spatially varying coefficient models: A case study examining violent crime rates and their relationships to alcohol outlets and illegal drug arrests	10.1007/s10109-008-0073-5	manual_present	corpus\papers\raw_pdf\wheeler2008_Comparing spatially varying coefficient models.pdf	https://doi.org/10.1007/s10109-008-0073-5			Unpaywall: aucune version open access connue. Tentatives: 200 text/html; charset=utf-8 https://doi.org/10.1007/s10109-008-0073-5 PDF ajoute manuellement dans corpus/papers/raw_pdf.
