dataset_key	article_ids	paper_dois	dataset_name	recovery_status	kg_ingestion_status	dataset_dois	verified_or_kg_source_urls	tei_repository_clues	existing_local_paths	tei_paths	source_owner_seed	retrieval_lead_seed	curation_notes_seed	tei_evidence_excerpt	next_action
2016_us_county_election	A01	10.1007/s10109-018-0280-7	2016 US county election	pipeline_rds_built_manual_review			https://github.com/tonmcg/US_County_Level_Election_Results_08-24 | https://www2.census.gov/geo/tiger/TIGER_DP/2015ACS/ACS_2015_5YR_COUNTY.gdb.zip | https://www2.census.gov/programs-surveys/popest/datasets/2010-2015/counties/asrh/cc-est2015-alldata.csv		data/raw/papers/A01_US_county_election_results | data/final_datasets/sf/paper_us_county_election_2016.rds	corpus\papers\tei\Geographically_weighted_elastic_net_logistic_regression_W2892463357.tei.xml			Reconstructed at N=3108 with complete paper predictors. Election FIPS 46113 is explicitly crosswalked to 46102 (Oglala Lakota). maps 3.1.1 has only 3075 unique FIPS and omits 33 Virginia independent cities; complete geometry therefore uses the official Census 2015 county layer. Raw and [0.001,1]-scaled predictors are both retained.	tic net logistic regression is first evaluated through a simulation experiment and shown to provide a robust approach for local model selection and alleviating local collinearity, before application to two case studies: county-level voting patterns in the 2016 USA presidential election, examining the spatial structure of socio-economic factors associated with voting for Trump, and a species presence-absence data set linked to explanatory environmental and climatic factors at gridded locations covering mainland USA. The approach is compared with other logistic regressions. It improves prediction for the election case study only which exhib	Add LOADER_TO_DIR, faithful formula Trump ~ PCemp + PCcol + PCo65 + PopD + PCwhi, readiness evidence and KG linkage; manually verify fiche before package export.
332_genera_across_63_hydrothermal_fields	N02	10.1111/2041-210X.12208	332 genera across 63 hydrothermal fields	exact_public_file_identified_broken_link		10.1016/j.dsr.2009.01.009	https://archimer.ifremer.fr/doc/00000/6936/ | https://archimer.ifremer.fr/doc/2009/sup-6936.xls			corpus\papers\tei\Spatially constrained clustering of ecological networks [N02].tei.xml			The Bachraty et al. Archimer record identifies sup-6936.xls as the exact supplementary table used for 332 genera across 63 fields. The legacy URL currently redirects to 6126.xls and returns HTTP 404, so the file has not yet been recovered.		query Archimer/Ifremer for the migrated attachment or request sup-6936.xls from the repository; verify 63 fields, 332 genera and coordinates before loading
anemonefish_anemone_mutualistic_networks_across_16_locations	N02	10.1111/2041-210X.12208	anemonefish-anemone mutualistic networks across 16 locations	mixed_public_and_author_supplied_reconstruction			https://doi.org/10.1111/2041-210X.12208			corpus\papers\tei\Spatially constrained clustering of ecological networks [N02].tei.xml			N02 states that the interaction network was published by Ricciardi, Boyer & Ollerton (2010), whereas the geographical positions used for the 16 locations were supplied directly by Francesco Ricciardi. The interaction table may therefore be recoverable publicly, but the exact spatial dataset is not a fully public deposit.		retrieve and verify the Ricciardi interaction table; seek the 16 author-supplied geographical positions or an archived geoclust package before any exact reconstruction
atlantic_mortality	A02	10.4230/LIPIcs.GIScience.2023.11	Atlantic mortality	pipeline_rds_built_manual_review			https://github.com/mie-lab/spatial_rf_python		data/raw/papers/A02_spatial_rf_python/data/atlantic.csv | data/final_datasets/sf/paper_a02_atlantic.rds	corpus\papers\tei\Benchmarking Regression Models Under Spatial heterogeneity.tei.xml			CRS absent from A02 but reconstructed as EPSG:5070 (NAD83 / Conus Albers) by FIPS matching against official Census county centroids; median coordinate offsets are only about 4 m and residual differences reflect boundary vintages. FIPS is retained as an identifier and excluded from the faithful formula. Official replication commit 20d88253883492d81e62ae550a01ff2b8aaeed26; repository license MIT. Formula: Rate ~ POV + SMOK + PM25 + NO2 + SO2.	ce from the location and seven other variables, such as the size and number of rooms, age, income, and population size. The number of bedrooms is missing for 1% of the houses and we omitted those respective records. The Atlantic mortality dataset 6 captures county-level mortality rates from 2010-2012, from which we have extracted only one year's worth of data for our purposes. Rates of smoking and poverty, as well as PM25, SO2, and NO2 levels provided as annual means are utilized as covariates. We further use a dataset on deforestation rates 7 that was published by Santos et al. [27] . The dataset provides annual deforestation rates from 20	Add KG paper-dataset relation and fiche metadata; manually verify the fiche before package promotion.
bangladesh_climate_migration_projections	N01	10.1098/rspa.2020.0113	Bangladesh climate-migration projections	public_supplement_identified_pending_retrieval			https://doi.org/10.1088/1748-9326/aac4d4 | https://iopscience.iop.org/article/10.1088/1748-9326/aac4d4/data | https://doi.org/10.1029/2020EF001931			corpus\papers\tei\An information-theoretic approach to study spatial dependencies in small datasets [N01].tei.xml			The official IOP data page identifies two Davis et al. supplementary files, ERL_13_064030_SD.pdf and ERL_13_064030_SD.xlsx. Their signed CDN links were discovered, but direct retrieval failed after the page stopped exposing fresh signatures; no local source artifact is claimed yet.	ach on synthetic datasets comprising 25-100 measurements, generated by linear or nonlinear autoregressive processes. Upon validation on synthetic processes, we examine datasets of human migration under climate change in Bangladesh and motor vehicle deaths in the United States of America. For both these real datasets, our approach is successful in identifying meaningful spatial patterns, begetting statisticallyprincipled insight into the mechanisms of important socioeconomic problems. Introduction The identification and quantification of spatial dependencies in ensembles of random variables is a ubiquitous problem in science and engineering [1	retry the official IOP data page in an interactive session or download ERL_13_064030_SD.xlsx manually; then verify the 64-district migration vector and spatial identifiers used by N01
belgium_covid_19_vulnerability_by_9627_statistical_sectors	N05	10.1016/j.spasta.2025.100907	Belgium COVID-19 vulnerability by 9627 statistical sectors	associated_repository_without_empirical_data			https://github.com/bryansumalinab/Geoadditive-Modeling		data/raw/papers/N05_Belgium_COVID_vulnerability/github_bryansumalinab_Geoadditive_Modeling/Geoadditive-Modeling-main.zip	corpus\papers\tei\A Low-Rank Bayesian Approach for Geoadditive Modeling [N05].tei.xml			The repository explicitly cited by N05 was downloaded and inspected. It contains simulation code and the Meuse analysis, but no Belgium COVID data or Belgium analysis file. Code availability therefore does not establish data availability.		trace the Belgian statistical-sector case/risk-factor sources from the paper and authors; do not reconstruct 9,627 sectors until variable definitions and reference dates are fixed
berlin	A03	10.1007/s10109-025-00481-4	Berlin	pipeline_rds_built_manual_review	catalog_only_source_not_extracted		https://github.com/ggeniaux/tds_mgwr_datasets		data/raw/papers/Geniaux2026_TopDownScale_GitHub/prenzlauer.csv | data/final_datasets/sf/paper_a03_berlin.rds	corpus\papers\tei\atds_mgwr_ghislain_geniaux.tei.xml			N=2203; log(price) response; five published predictors; source coordinates are Web Mercator EPSG:3857.	in France (DVF), ensuring a wide diversity in theme, sample sizes and number of explanatory variables. The table 5 describes the main characteristics of these datasets. Further details on Georgia, Clearwater, Tokyo and Berlin datasets can be found on Pysal website ( p y s a l . Because atds_mgwr requires computing the global AIC using the formula from Yu et al. (2020) at each iteration of the two stages of this estimator, it cannot be used for datasets larger than 5000 observations within a reasonable time frame. Therefore, atds_mgwr results are provided only for samples smaller than this threshold. Predictions are made using a random 5-	Add KG relation, formula override and readiness evidence; generate and manually verify fiche before package export.
bilateral_trade_flow_gravity_data	E08	10.1016/j.regsciurbeco.2013.09.002	bilateral trade-flow gravity data	public_legacy_source_identified_pending_retrieval			http://cid.econ.ucdavis.edu/			corpus\papers\tei\E08.tei.xml	Behrens et al. (2012)	Retrieve replication material cited by E08/E09; search title plus Behrens 2012 gravity data	E08 states that it uses the Anderson–van Wincoop bilateral trade data for 30 US states and Canadian provinces and points to Robert C. Feenstra's CID site.	mited to the immediate neighbors. Contrarily, the unobserved factors that are affecting pollution in that location are bounded to a small local neighborhood. Behrens et al. (2012) use a SARMA(1,1) specification to model bilateral trade flows between regions based on a dual version of the gravity equation. This specification allows to take into account the interdependence between trade flows through a spatial autoregressive process for the trade flows. Hence, the trade flows from a region to a destination region depend on all the trade flows from the other regions to the destination region. Behrens et al. (2012) consider a spatial moving aver	retrieve the legacy CID files and verify the exact scaling, distance matrix and E08 regression sample
boston_housing	A12;C05;E09;G08	10.1016/j.regsciurbeco.2013.12.003;10.1080/03610918.2022.2154365;10.1080/13658816.2016.1149181;10.1111/gean.12289	Boston housing	already_in_repo	pdf_present_pending_grobid	10.6084/m9.figshare.3189004	https://tandf.figshare.com/articles/dataset/A_bootstrap_test_for_constant_coefficients_in_geographically_weighted_regression_models/3189004		data/final_datasets/sf/Python_geodatasets_spdata.boston.rds	corpus\papers\tei\A bootstrap test for constant coefficients in geographically weighted regression models.tei.xml;corpus\papers\tei\C05.tei.xml;corpus\papers\tei\E09.tei.xml;corpus\papers\tei\G08.tei.xml	Behrens et al. (2012)	Retrieve replication material cited by E08/E09; search title plus Behrens 2012 gravity data	Same empirical family appears in two articles; verify whether the exact extract is identical.	nal significant level 0.05 compared with test statistics RS * n . The power of test statistics RS * n and RS * IV n are not clearly different. Illustration In this section, we apply the proposed estimation method to the Boston housing price data, 5 . From Table 5 , we can see that the effect of X 2 is varying at quantile 0.2-0.9, the effect of X 3 is varying at quantile 0.6, the effect of X 5 is varying at quantile 0.4-0.8, and the coefficients of the other two variables are constant at all quantile levels. It is noted that the result is a little different from Sun, et al. (2014) . In which, coefficients of Q τ (y i |F -i , X 1i , • • • , | illustrative application, the Harrison and Rubinfeld (1978) data set described in Gilley and Kelley Pace (1996) is used to estimate a hedonic housing-price model for a sample of 506 observations of census tracts in the Boston Standard Metropolitan Area in 1970. This data set has been used by many authors to illustrate various econometric techniques, see for example LeSage (1999) and Baltagi (2008). In this application, the median house price is explained by thirteen variables that are described more fully in Table 9 of Appendix C: per-capita crime rate by town, proportion of residential land zoned for lots over 25,000 ft 2 , proportion o	verify exact paper extract, variables and licence
california_housing	A02	10.4230/LIPIcs.GIScience.2023.11	California Housing	pipeline_rds_built_manual_review			https://github.com/mie-lab/spatial_rf_python		data/raw/papers/A02_spatial_rf_python/data/california_housing.csv | data/final_datasets/sf/paper_a02_california_housing.rds	corpus\papers\tei\Benchmarking Regression Models Under Spatial heterogeneity.tei.xml			CRS absent from A02 but reconstructed as EPSG:3310 (NAD83 / California Albers): transforming the original Kaggle longitude/latitude reproduces the distributed x/y coordinates (about 2 m difference on the first documented record). Official replication commit 20d88253883492d81e62ae550a01ff2b8aaeed26; repository license MIT. Formula: median_house_value ~ housing_median_age + total_rooms + total_bedrooms + population + households + median_income + ocean_proximity.	[19, 22, 14, 1] . The following sub-section first introduces these datasets. Afterward, we discuss the results obtained. Datasets There are five real-world, publicly available datasets that we employ for validation: The California housing dataset 5 was generated from the 1990 California census. Our goal is to predict the median house price from the location and seven other variables, such as the size and number of rooms, age, income, and population size. The number of bedrooms is missing for 1% of the houses and we omitted those respective records. The Atlantic mortality dataset 6 captures county-level mortality rates from 2010-2012, from whi	Add KG paper-dataset relation and fiche metadata; manually verify the fiche before package promotion.
carolina_wren_presence_absence_and_prism_climate_data	C03	10.1002/env.2771	Carolina wren presence-absence and PRISM climate data	mixed_public_and_author_supplied_reconstruction			https://www.pwrc.usgs.gov/bbs/ | https://prism.oregonstate.edu/			corpus\papers\tei\C03.tei.xml	North American Breeding Bird Survey and PRISM	Retrieve BBS observations and PRISM covariates following C03 supplement	C03 identifies BBS routes for Carolina wren presence/absence and PRISM climate products. The paper also indicates that the error-contaminated climate construction follows a prior study; the exact assembled analysis table is not deposited.	odel, where the response is regressed against the predicted covariates plus another set of spatial basis functions to account for spatial correlation. A simulation study and an application to presence-absence records of Carolina wren from the North American Breeding Bird Survey demonstrate that the proposed double FRK approach can be effective in adjusting for measurement error in spatially correlated data. INTRODUCTION With the popularization of technologies such as geographic information systems (GIS) and remote sensing tools, it is becoming increasingly common in many scientific disciplines such as environmetrics, ecological statistics,	retrieve BBS and PRISM source layers, then determine whether the paper-specific contaminated covariates can be reproduced without author files
cesm_large_ensemble_climate_fields	S09	10.1002/env.2652	CESM Large Ensemble climate fields	downloaded_content_verified			https://github.com/NCAR/LatticeKrig/tree/master/Datasets/LENNS		data/raw/papers/S09_CESM_LENS/github_NCAR_LatticeKrig/BRACEUfields.rda;data/raw/papers/S09_CESM_LENS/github_NCAR_LatticeKrig/README	corpus\papers\tei\S09.tei.xml	CESM LENS	Retrieve from CESM LENS archive and reproduce variables/subset from S09	Exact R binary cited by S09 recovered from the official NCAR/LatticeKrig repository (the directory is LENNS, despite the LENS spelling in the article). Verified objects: Ufield 288x192x30, Umean 288x192, landMask 288x192, Longitude 288 and Latitude 192.	e structure is important to represent heterogeneity in geophysical and other environmental spatial processes. In this work, we investigate a two-stage approach to modeling nonstationary covariances that is efficient for large data sets. First, maximum likelihood estimation is used in local, moving windows to infer spatially varying covariance parameters. These surfaces of covariance parameters are then encoded into a global covariance model specifying the second-order structure for the complete spatial domain. From this second step, the resulting global model allows for efficient simulation and prediction. This work uses a nonstationary	implement the paper subset (Americas, 102x128) and standardization described in S09, then create a loader while preserving the 30 ensemble members
clearwater	A03	10.1007/s10109-025-00481-4	Clearwater	already_in_repo	catalog_only_needs_reconciliation		https://pysal.org/notebooks/lib/libpysal/Example_Datasets.html		data/final_datasets/sf/Python_libpysal_clearwater.rds	corpus\papers\tei\atds_mgwr_ghislain_geniaux.tei.xml				ataset on house prices in France (DVF), ensuring a wide diversity in theme, sample sizes and number of explanatory variables. The table 5 describes the main characteristics of these datasets. Further details on Georgia, Clearwater, Tokyo and Berlin datasets can be found on Pysal website ( p y s a l . Because atds_mgwr requires computing the global AIC using the formula from Yu et al. (2020) at each iteration of the two stages of this estimator, it cannot be used for datasets larger than 5000 observations within a reasonable time frame. Therefore, atds_mgwr results are provided only for samples smaller than this threshold. Predictions are made	verify exact paper extract, variables and licence
coastal_zhejiang_environmental_observations	A06	10.1080/13658816.2019.1707834	Coastal Zhejiang environmental observations	restricted_access_documented_manual_application	simulation_and_code_only_empirical_restricted	10.6084/m9.figshare.11375826;10.6084/m9.figshare.11506803	https://doi.org/10.6084/m9.figshare.11375826;https://doi.org/10.6084/m9.figshare.11506803		data\raw\papers\DataCite_2020_GeographicallyNeuralNetworkWeighted_10_1080_13658816;data\raw\papers\MediumPriorityRetry_10_6084_m9_figshare_11375826	corpus\papers\tei\Geographically neural network weighted regression for the accurate estimation of spatial non-stationarity.tei.xml			Both official CC BY 4.0 Figshare records were checked through the API. Record 11506803 contains Python code plus 100 files named simulated_Data_high_none; record 11375826 is the ZIP of the same material. Neither record contains the coastal Zhejiang empirical observations. The publisher page explicitly states that the Zhejiang environmental monitoring dataset cannot be shared publicly because of Chinese data-policy restrictions.	o represent the nonstationary weight matrix in GNNWR and developed two case studies to examine the effectiveness of GNNWR. The first case used simulated datasets, and the second case, environmental observations from the coastal areas of Zhejiang. The results showed that GNNWR achieved better fitting accuracy and more adequate prediction than OLS and GWR. In addition, GNNWR is applicable to addressing spatial non-stationarity in various domains with complex geographical processes. Introduction The geographically weighted regression (GWR) model proposed by Brunsdon et al. (1996) , is a geostatistical technique that takes spatial non-stationa	contact the authors to request an authorized version or access procedure; retain metadata only unless access is granted
colorado_climatological_stations	S01	10.1002/env.785	Colorado climatological stations	public_source_reconstruction_complete_manual_review	rds_fiche_and_kg_created_manual_review		https://cran.r-project.org/package=fields;https://www.image.ucar.edu/Data/US.monthly.met/		data/raw/papers/S01_Colorado_climatological_stations/ucar/US_monthly_met_historical/RData.COmonthly.met;data/raw/papers/S01_Colorado_climatological_stations/ucar/US_monthly_met_historical/CO.process.R;data/raw/papers/S01_Colorado_climatological_stations/fields/data/COmonthlyMet.rda;data/raw/papers/S01_Colorado_climatological_stations/cran_archive/fields_2.3/fields_2.3.tar.gz;data/raw/papers/S01_Colorado_climatological_stations/ucar/US_monthly_met_historical/colorado_precip_1981_reconstruction.csv;tools/build_s01_colorado_precip.py;data/final_datasets/sf/paper_s01_colorado_precip_1981.rds;wiki/datasets/fiches_datasets/paper_s01_colorado_precip_1981.md	corpus\papers\tei\S01.tei.xml	NCAR Geophysical Statistics Project	Search archived NCAR US.monthly.met data referenced in the TEI	Full TEI reread: S01 states only that 1981 maximizes stations without missing monthly values (217); no station identifiers, mask, or further selection rule is supplied. Applying exactly that stated criterion to the official historical UCAR object yields 244 stations. Per project decision, the 244-station reconstruction is retained and explicitly labelled as non-identical to the authors' 217. Response: log annual precipitation; model in the paper: Y_i ~ N(f(x_i), eta^2), f(.) ~ GP(mu, C), with stationary and nonstationary Matern covariance variants.	µ, and η for the different regions. One could also use different values of ν, following Stein (2005) , who has extended our approach to allow for spatially-varying ν. In the next section, we illustrate this approach in Colorado, splitting the state into two regions of differing topography. Another possibility is to estimate the kernel matrices at each location of interest in a weighted or moving window fashion. Recall that if the elements of the kernel matrices vary slowly, the nonstationary covariance is locally a nearly stationary anisotropic covariance. In a small neighborhood, for x j near x i , Σ j ≈ Σ i ; our task is to estimate the	generate the sf RDS through the paper loader when R is available; retain manual_review and seek author identifiers only if exact replication becomes necessary
deforestation	A02	10.4230/LIPIcs.GIScience.2023.11	deforestation	pipeline_rds_built_manual_review			https://github.com/mie-lab/spatial_rf_python		data/raw/papers/A02_spatial_rf_python/data/deforestation.csv | data/final_datasets/sf/paper_a02_deforestation.rds	corpus\papers\tei\Benchmarking Regression Models Under Spatial heterogeneity.tei.xml			CRS recovered from the cited GWRFC source object: +proj=utm +zone=18 +datum=WGS84; EPSG:32718 (WGS84 / UTM zone 18S). CSV x/y equal the original polygon centroids to numerical precision (< 6e-10 m). The paper warns that the four-level quantile response is problematic for regression. Official replication commit 20d88253883492d81e62ae550a01ff2b8aaeed26; repository license MIT. Formula: deforestation_quantile ~ all 35 non-coordinate predictors.	which we have extracted only one year's worth of data for our purposes. Rates of smoking and poverty, as well as PM25, SO2, and NO2 levels provided as annual means are utilized as covariates. We further use a dataset on deforestation rates 7 that was published by Santos et al. [27] . The dataset provides annual deforestation rates from 2000 to 2010 for 2418 grid cells (single values averaged over 10 years). The deforestation rate is to be predicted from 35 further variables about sociodemographics, spatial features, and economic information. The forestation rate is given as four quantiles, which is problematic for the framing as a regression pro	Add KG paper-dataset relation and fiche metadata; manually verify the fiche before package promotion.
dual_gravity_trade_data	E09	10.1016/j.regsciurbeco.2013.12.003	dual gravity/trade data	mixed_public_sources_reconstruction_required			http://cid.econ.ucdavis.edu/ | https://www.spatial-econometrics.com/			corpus\papers\tei\E09.tei.xml	Behrens et al. (2012)	Retrieve replication material cited by E08/E09; search title plus Behrens 2012 gravity data	E09 combines the 506-row Boston housing benchmark from Kelley Pace's toolbox with the Anderson–van Wincoop trade data. The Boston component is public; the legacy trade component still needs retrieval and exact scaling verification.	idences that the SARAR(1,0) specification may not be the correct specification for this application. In the presence of mis-specifications, the performance of estimators can change as shown in the next application. Dual gravity model This second empirical illustration checks for the robustness of some of the results presented in Behrens et al. (2012), which estimates the so-called gravity equation system using techniques borrowed from spatial econometrics. For the analysis bilateral trade flows, the gravity equation system yields convenient regression specifications. Although theoretical ground is simple and powerful, estimation is not str	retrieve both legacy sources and reproduce the two empirical samples separately
dublin_voter_2002	A07;G05;G10	10.1080/00949655.2017.1311896;10.1080/13658816.2022.2097684;10.3934/math.2023713	Dublin voter-turnout data	already_in_repo	ingested_via_package_dataset	10.6084/m9.figshare.16680610;10.6084/m9.figshare.4836836	https://tandf.figshare.com/articles/dataset/Structure_identification_and_variable_selection_in_geographically_weighted_regression_models/4836836		data/final_datasets/sf/R_GWmodel_DubVoter_Dub.voter.rds;wiki/datasets/fiches_datasets/R_GWmodel_DubVoter_Dub.voter.md	corpus\papers\tei\Dambon_2022_SVC_variable_selection_IJGIS.tei.xml;corpus\papers\tei\G10.tei.xml;corpus\papers\tei\Structure identification and variable selection in geographically weighted regression models.tei.xml			The complete 322-electoral-division GWmodel dataset is already normalized locally. The existing fiche documents its polygon and point geometries and the full eight-covariate formula. No duplicate dataset should be created.	and can simultaneously identify spatially varying coefficients, nonzero constant coefficients and zero coefficients. Simulation experiments are further conducted to assess the performance of the proposed method and the Dublin voter turnout data set is analysed to demonstrate its application. Introduction Geographically weighted regression (GWR) [1, 2] has been a very popular local modelling method that seeks to discover potential patterns of spatial non-stationarity in a regression relationship. In this methodology, the spatially varying coefficient model y i = p j=1 β j (u i , v i )x ij + ε i , i = 1, . . . , n, (1) is calibrated by the | (u i ) + 4 k=2 β p (u i )x ik + ε i . Figure 4 summarizes estimated coefficient functions using the adaptive method, LL, and GWR respectively, which are considerably in space. Figure 7(a) shows a residual QQ-plot of the Dublin voter turnout via the adaptive method. From the plot, we can see that the distribution of the residual is very close to normal. To evaluate the prediction accuracy of the adaptive method, we set aside 50 observations for comparing the mean squared prediction error (MSPE) of the adaptive method, LL, and GWR. The MSPE is computed as follows: MSPE = 1 m m j=1 (y j -ŷj ) 2 , j = 1, • • • , m, where m = 50 and ŷ j = β1 (	link A07, G05 and G10 paper-specific uses to the existing dataset in the KG; preserve each paper's exact formula or selected-variable specification
ecospat_hypothetical_species_presence_absence	A01	10.1007/s10109-018-0280-7	ecospat hypothetical-species presence/absence	downloaded_content_verified	pipeline_rds_built_n_discrepancy_manual_review		https://cran.r-project.org/package=ecospat		data\raw\papers\A01_ecospat_testNiche_nat\ecospat_2.1.1.tar.gz | data\raw\papers\A01_ecospat_testNiche_nat\maps_3.1.1.tar.gz | data\final_datasets\sf\paper_ecospat_testNiche_nat.rds	corpus\papers\tei\Geographically_weighted_elastic_net_logistic_regression_W2892463357.tei.xml			A01 cites ecospat 2.1.1 and maps 3.1.1. The loader reads the cited ecospat archive, applies the maps::usa mainland mask, creates species_absence=1-species_occ, and retains the five published predictors gdd, p, pet, stdp and tmp. The cited and current maps boundaries both yield N=3247, whereas A01 reports N=3259; the 12-cell discrepancy remains explicit.	is indicated the counties where Trump received the most votes. The voting patterns (response) and socio-economic attributes (predictors) are mapped in Fig. 1 . US species data A second US data set was extracted from the ecospat R package (Broennimann et al. 2016 ). The ecospat.testNiche.nat data set covers no specific year and is described as being 'test data for the niche dynamics analysis in the native range of a hypothetical species'. It includes environmental predictor variables and a binary response variable indicating species presence/absence records for the occurrence of a number of species at 3,259 locations on a grid. The data cov	seek author code or archived analytic data to identify the 12-cell difference; do not add an undocumented buffer or force N=3259
england_and_wales_house_prices	G10	10.3934/math.2023713	England and Wales house prices	already_in_repo					data/final_datasets/sf/R_GWmodel_EWHP_ewhp.rds;wiki/datasets/fiches_datasets/R_GWmodel_EWHP_ewhp.md;wiki/datasets/r_package_docs/GWmodel/topics/EWHP.md	corpus\papers\tei\G10.tei.xml			Complete GWmodel::EWHP dataset already normalized locally (519 observations). Existing formula is system-generated, so it must not be attributed to G10 without paper-level verification.	ally varying coefficient models of the fitted data is: y i = β 1 (u i ) + β 2 (u i )x 2 + ε i . The estimated coefficient function is shown in Figure 6 , and Figure 7 (b) shows a residual QQ plot via adaptive method for England and Wales house price data. Similar to the analysis in example 1, we set aside 50 observations as the test set. The MSPE of the adaptive approach, LL and GWR are 0.302, 0.339 and 0.548, respectively. The QQ-plot of residuals from the above fit showed a clear deviation from normality, which explains why the MSPE from the adaptive approach is smaller than LL and GWR. (a) β1 (b) β2 Concluding remarks In this article, w	read G10 empirical section and record its exact selected-variable specification as a paper-specific KG use; retain unresolved source CRS
european_weekly_maximum_precipitation	S10	10.1080/00949655.2021.2016759	European weekly maximum precipitation	source_not_reported_in_article						corpus\papers\tei\S10.tei.xml	Source described in S10	Search article supplement and station-data citation using DOI 10.1080/00949655.2021.2016759	S10 describes 528 stations and 1,006 weekly maxima from six European countries for 2000–2019, but the TEI contains no repository, provider or data-access statement. ECA&D is a plausible provider but is not asserted by the paper and is therefore not recorded as the source.	servation locations D because the censoring threshold is chosen to be high, such that most observations fall below the threshold and are therefore censored. Figure 8 . 8 Figure 8. D = 528 weather stations located over 6 European countries Acknowledgements This research was supported in part by NSF grant DMS-1752280 . Computations for this research were performed on the Institute for Computational and Data Sciences Advanced CyberInfrastructure (ICDS-ACI ). DMS-1752280 On the unification of families of skewnormal distributions Reinaldo B Arellano-Valle Adelchi Azzalini 10.1111/j.1467-9469.2006.00503.x Scand. J. Statist 0303-6898 33 3 2006 Hie	check supplementary material and contact authors for the station identifiers or exact analysis table before attempting reconstruction
fia_biomass	S04;S07	10.1080/01621459.2015.1044091;10.1111/j.1467-9868.2008.00663.x	USDA Forest Inventory and Analysis biomass	public_program_exact_sample_not_deposited			https://www.fia.fs.usda.gov/tools-data/			corpus\papers\tei\S04.tei.xml;corpus\papers\tei\S07.tei.xml	USDA Forest Service FIA	Use FIA access procedure and paper supplements; preserve disclosure/location restrictions	S04 and S07 identify USDA Forest Inventory and Analysis as the source. Public FIA tables exist, but the exact geocoded plot sample used in the papers is not deposited and FIA precise plot coordinates are privacy-protected.	ambitious in its spatial modelling and inferential objectives. We illustrate with two simulated examples yielding rather complex spatial random fields and with a challenging spatially adaptive regression model fitted to forest biomass data. Section 2 introduces and discusses the predictive process models as well as relevant specification issues. Section 3 considers extensions to multivariate process models. Section 4 describes Bayesian computation issues and Section 5 presents the two examples. Section 6 concludes with a brief discussion including future work. The programs that were used to analyse the data can be obtained from http://www | linear in the number of spatial locations, thereby rendering substantial scalability. We illustrate the computational and inferential benefits of the NNGP over competing methods using simulation studies and also analyze forest biomass from a massive U.S. Forest Inventory dataset at a scale that precludes alternative dimension-reducing methods. Supplementary materials for this article are available online. Introduction With the growing capabilities of Geographical Information Systems (GIS) and user-friendly software, statisticians today routinely encounter geographically referenced datasets containing a large number of irregularly located	recover public FIA attributes and determine whether the paper's 9,500-location sample can be reproduced with fuzzed coordinates; otherwise request the analysis extract
georgia	A03	10.1007/s10109-025-00481-4	Georgia	already_in_repo	ingested		https://pysal.org/notebooks/lib/libpysal/Example_Datasets.html		data/final_datasets/sf/Python_libpysal_georgia.rds	corpus\papers\tei\atds_mgwr_ghislain_geniaux.tei.xml				an open dataset on house prices in France (DVF), ensuring a wide diversity in theme, sample sizes and number of explanatory variables. The table 5 describes the main characteristics of these datasets. Further details on Georgia, Clearwater, Tokyo and Berlin datasets can be found on Pysal website ( p y s a l . Because atds_mgwr requires computing the global AIC using the formula from Yu et al. (2020) at each iteration of the two stages of this estimator, it cannot be used for datasets larger than 5000 observations within a reasonable time frame. Therefore, atds_mgwr results are provided only for samples smaller than this threshold. Predicti	verify exact paper extract, variables and licence
georgia_educational_attainment_data	G07	10.1111/gean.12189	Georgia educational-attainment data	already_in_repo					data/final_datasets/sf/R_GWmodel_Georgia_Gedu.df.rds;data/final_datasets/sf/R_GWmodel_GeorgiaCounties_Gedu.counties.rds;wiki/datasets/fiches_datasets/R_GWmodel_Georgia_Gedu.df.md	corpus\papers\tei\G07.tei.xml			GWmodel Georgia educational-attainment point and county objects are already normalized locally. Paper-specific response and covariate selection still require verification.	stimates of the local standard errors of the parameters obtained in the calibration of a model by MGWR. We now demonstrate the use of Equation ( 24 ) in a real-world data set on educational attainment across counties in Georgia, commonly used in GWR as a demonstrator. We use this to show that when the MGWR covariate-specific bandwidths are all similar to the single bandwidth obtained in GWR, the standard errors of the local parameter estimates from both models, and subsequent inferences drawn from the results, are similar, as expected. This provides further reinforcement of the methodology described above. An example of educational attainm	read G07 empirical specification and link it to the existing Georgia artifact rather than duplicating the dataset
greater_boston_traffic_particles_and_birth_weight	A11	10.1093/biostatistics/kxn033	Greater Boston traffic particles and birth weight	restricted_access_documented_manual_application						corpus\papers\tei\gryparis_2009.tei.xml			A11 states that births came from the Massachusetts birth registry (1996–2002), with human-subjects approval. The individual birth records and geocodes are not public.	al measurement error concepts can help to explain the relative practical performance of the different methods. We apply the methods to data on the association between levels of particulate matter and birth weight in the greater Boston area. INTRODUCTION AND SCIENTIFIC MOTIVATION Exposure assessment studies have shown that there exist important factors, such as traffic conditions, point sources of pollution, and urban building canyon effects, that induce spatial variability in pollution levels. With the advent of geographic information system (GIS)-based modeling, researchers have begun to focus on spatial variability in air pollution and i	retain as a documented restricted-data application; do not reconstruct or promote without an authorized de-identified extract
greater_glasgow_respiratory_hospitalizations	N04	10.1007/s13253-025-00720-7	Greater Glasgow respiratory hospitalizations	pipeline_rds_built_manual_review	rds_fiche_and_kg_created_manual_review	10.32614/CRAN.package.CARBayesdata	https://cran.r-project.org/package=CARBayesdata | https://statistics.gov.scot/		data/raw/papers/N04_greater_glasgow_respiratory/cran/CARBayesdata_3.0/CARBayesdata_3.0.tar.gz;data/final_datasets/sf/paper_n04_glasgow_respiratory.rds;wiki/datasets/fiches_datasets/paper_n04_glasgow_respiratory.md	corpus\papers\tei\Statistical Inferences and Predictions for Areal Data and Spatial Data Fusion with Hausdorff-Gaussian Processes [N04].tei.xml			Official CRAN source archive downloaded and verified. respiratorydata.rda is documented as 134 Intermediate Zones north of the Clyde in 2010 with IZ, observed, expected, incomedep and SMR. GGHB.IZ.rda contains 271 sf polygons with IZ, name, geometry, easting and northing.		manually validate the generated fiche, formula and redistribution evidence before any package promotion
gulf_of_mexico_sea_surface_conductivity	C04	10.1016/j.jmva.2024.105381	Gulf of Mexico sea-surface conductivity	cited_public_sources_reconstruction_required			https://www.ncei.noaa.gov/products/world-ocean-atlas			corpus\papers\tei\C04.tei.xml	Oceanographic sources cited in C04	Follow references 13-14 and article supplement using DOI 10.1016/j.jmva.2024.105381	C04 cites NOAA/NCEI World Ocean Atlas product documentation in references 13–14. Its final table has 1,545 seasonal quarter-degree cells for 1978–2017, with conductivity derived from temperature, pressure and salinity collected by several platforms. The cited source is verified, but the exact aggregation is not deposited.	l quantile regression. Finally, the considered model is applied to two real data analyses, the first concerning rainfall measurements in Switzerland and the second concerning sea surface conductivity data in the Gulf of Mexico. Introduction In this work, we are interested in modelling the heterogeneous effects of complex spatial phenomena on the conditional quantiles of a response variable of interest, via nonparametric regression. Regression analysis is, in fact, a powerful and versatile tool for analysing the conditional distribution of noisy data given a set of covariates. However, it is generally recognised that the conditional mean i	recover the cited WOA vintages and seek author code/table before reconstructing the 0.25-degree seasonal conductivity values
hecm_originations	T03;T05	10.1016/j.jeconom.2016.12.001;10.1016/j.regsciurbeco.2017.03.007	US state HECM mortgage originations	public_sources_exact_panel_not_deposited			https://www.hud.gov/hud-partners/single-family-hecm-data			corpus\papers\tei\T03.tei.xml;corpus\papers\tei\T05.tei.xml	Sources following Haurin et al. 2016	Search author replication files and HECM/FHA data cited in T03/T05	T03/T05 analyze state-quarter HECM originations and public demographic/economic series. The papers describe construction but do not provide the exact assembled panel or time-varying weight matrices.	Spatial dynamic panel data models with interactive fixed effects Wei Shi Institute for Economic and Social Research Jinan University 510632 Guangzhou Guangdong China Lung-Fei Lee Department of Economics The Ohio State University 43210 Columbus Ohio United States Shanghai University of Finance Spatial dynamic panel data models with interactive fixed effects 8D9008D16B09BA9AFDF4946D127062C8 10.1016/j.jeconom.2016.12.001 Received date: 31 December 2014 Revised date: 23 December 2016 Accepted date: 23 December 2016 GROBID - A machine learning software for extracting information from scholarly documents 0.9.0-19-g62a9e9f89 startPage=- | model with time varying endogenous weights matrices and common factors ☆ Wei Shi Institute for Economic and Social Research Jinan University 510632 Guangzhou Guangdong China Lung-Fei Lee Department of Economics The Ohio State University 43210 Columbus OH United States A spatial panel data model with time varying endogenous weights matrices and common factors ☆ E6AE89846C936145EB0B79ED722DB65B 10.1016/j.regsciurbeco.2017.03.007 Received 9 September 2016; Received in revised form 25 March 2017; Accepted 28 March 2017 GROBID - A machine learning software for extracting information from scholarly documents 0.9.0-19-g62a9e9f89 startPage=-1, e	inventory HUD HECM, Census, FHFA and rate series and reproduce only after matching the paper's period, exclusions and weight definitions
irish_famine_electoral_divisions	G04	10.1080/24694452.2017.1352480	Irish Famine electoral divisions	candidate_replication_source_requires_exact_match						corpus\papers\tei\fotheringham2017_Wenbai Yang, and Wei Kang.tei.xml	Historical Irish census data	Search MGWR article supplement and Fotheringham Kelly Charlton 2013 source	The discussion reports a later Li/Fotheringham Figshare/GitHub replication lead, but no persistent identifier or repository URL was supplied and web verification did not yet establish that it contains the exact 2,317-ED, eight-predictor table used in G04.	tor selection in MGWR are conducted using a back-fitting algorithm. We compare the performance of GWR and MGWR by applying both frameworks to two simulated data sets with known properties and to an empirical data set on Irish famine. Results indicate that MGWR not only is superior in replicating parameter surfaces with different levels of spatial heterogeneity but provides valuable information on the scale at which different processes operate. Key Words: geographically weighted regression, multiscale, spatially varying coefficients, spatial nonstationarity. 尺度根本上是个地理的概念, 且有众多的既有文献, 探讨尺度在不同地理脉络中扮演的各种角色。但相 对而言, 少有研究提供不同过程操作的地理尺度之测量工具。我们于此展	obtain the claimed Figshare DOI/GitHub URL and compare row count, variables and ED identifiers against G04 before changing to a public exact-source status
irish_wind_data	C01	10.1016/j.jspi.2009.05.008	Irish wind data	downloaded_content_verified	pipeline_rds_built_paper_preprocessing_partial		gstat::wind; Haslett and Raftery (1989)		data\raw\papers\C01_irish_wind_gstat\wind.rda | data\final_datasets\sf\paper_irish_wind.rds	corpus\papers\tei\C01.tei.xml	Sources in Li et al. 2007	Retrieve the two datasets from cited paper supplement/source	Following Li, Genton and Sherman (2007), the loader excludes Roslare to retain 11 stations, removes February 29, creates sqrt_wind_speed, and labels the 1961-1970 training and 1971-1978 test periods. The papers also subtract a common seasonal component and training-estimated station means, but do not specify the seasonal basis sufficiently for a faithful implementation.	bility, which greatly reduces the dimension of the covariance matrix. Although symmetry and separability are desirable assumptions from a computational point of view, they may not be appropriate for real data, see, e.g. Irish wind data (Gneiting et al., 2007) . This motivates two lines of research: the development of parametric classes of covariance functions that allow space-time asymmetry and/or nonseparability (Cressie and Huang, 1999; Gneiting, 2002; Stein, 2005; Jun and Stein, 2007; Park and Fuentes, 2009) and formal statistical assessment of symmetry and separability for space-time data (Mitchell et al., 2005; Fuentes, 2006; Li et	recover the authors' preprocessing code or an exact definition of the common seasonal trend before creating the final velocity residual used in the symmetry/separability tests
king_county_houses	A03	10.1007/s10109-025-00481-4	King County houses	pipeline_rds_built_manual_review	not_ingested_source_known		https://github.com/ggeniaux/tds_mgwr_datasets		data/raw/papers/Geniaux2026_TopDownScale_GitHub/kc_house_data.csv | data/final_datasets/sf/paper_a03_king_house.rds	corpus\papers\tei\atds_mgwr_ghislain_geniaux.tei.xml			N=18788 after exact author filters yr_renovated=0, waterfront=0 and view<1; log price response; WGS84 coordinates.		Add KG relation, formula override and readiness evidence; generate and manually verify fiche before package export.
limiting_long_term_illness_data	G02	10.1111/1467-9884.00145	limiting long-term illness data	public_historical_source_reconstruction_required			https://www.nomisweb.co.uk/			corpus\papers\tei\G02.tei.xml	UK census-derived study data	Search variables LLTI DENSITY CROWD UNEMP with DOI 10.1111/1467-9884.00145	G02 identifies the 1991 UK Census and a multi-county ward-level extract in northern England. Census data are public through historical/ONS services, but the exact ward selection and derived standardised variables are not deposited.	for exploring this phenomenon, geographically weighted regression is introduced. A related Monte Carlo signi®cance test for spatial non-stationarity is also considered. Finally, an example of the method is given, using limiting longterm illness data from the 1991 UK census. Introduction The technique of linear regression has long resided in the analytical toolbox of the quantitative geographer. As a general technique for investigating the linkage between geographical variables, the method has featured in virtually countless publications. However, this is surprising in some respects, as the technique itself takes no account of location in i	reconstruct the 1991 ward table and boundaries only after recovering the precise study-area definition and formula from G02
lucas_county_housing_prices	A04	10.1016/j.regsciurbeco.2017.04.001	Lucas County housing prices	already_in_repo					data/final_datasets/sf/R_spData_house_house.rds;wiki/datasets/fiches_datasets/R_spData_house_house.md;wiki/datasets/r_package_docs/spData/topics/house.md	corpus\papers\tei\MGWR-SAR_Geniaux&Martinetti.tei.xml			The complete spData::house artifact is already normalized locally (25,357 Lucas County sales, 24 source variables). The current fiche formula is system-generated and must not be attributed to A04 before the empirical section is reconstructed.	o suggest a specification procedure to identify the correct spatial weight matrix for DGPs with spatial heterogeneity and spatial autocorrelation of the endogenous. We conclude the article with an empirical study on the Lucas County house price dataset, confirming the good performance of the proposed estimators. Introduction Usual spatial-econometric estimation frameworks, based on models with spatial autocorrelation and with a given spatial weight matrix are sometimes unfeasible in the presence of model misspecification. In fact, they are unable to disentangle between real spatial autocorrelation and the different sources of violation o	read A04 empirical specification and code its exact response, transformations and selected covariates as a paper-specific use of the existing RDS
macoma_balthica_abundance_in_dutch_wadden_sea	N03	10.1007/s13253-024-00619-9	Macoma balthica abundance in Dutch Wadden Sea	pipeline_rds_built_manual_review	rds_fiche_and_kg_created_manual_review		https://github.com/benee55/PICAR_Z_Code		data/raw/papers/N03_PICAR_Z/github_benee55_PICAR_Z_Code/PICAR_Z_Code-main.zip;data/final_datasets/sf/paper_n03_macoma_balthica.rds;wiki/datasets/fiches_datasets/paper_n03_macoma_balthica.md	corpus\papers\tei\A Class of Models for Large Zero-inflated Spatial Data [N03].tei.xml			Official PICAR-Z code repository verified. samples/datsc.csv contains 4,026 rows and the variables macoma, x, y, grid, mgs, silt, depth, oost and noord; GenerateData.R reads this table for the bivalve application.		manually validate the generated fiche, formula and redistribution evidence before any package promotion
massachusetts_birth_registry_and_pm2_5_exposure_study	C02	10.1093/biostatistics/kxv048	Massachusetts birth registry and PM2.5 exposure study	restricted_access_documented_manual_application			https://www.mass.gov/guides/available-public-health-research-datasets;https://www.mass.gov/info-details/learn-about-records-available-through-the-registry-of-vital-records-and-statistics-rvrs			corpus\papers\tei\C02.tei.xml	Massachusetts Birth Registry plus exposure model inputs	Request/access according to registry rules; retrieve exposure surfaces from cited source	C02 uses 70,340 singleton live births from the 2008 Massachusetts Birth Registry linked to geocoded maternal addresses and trimester PM2.5 predictions. Massachusetts states that confidential individual records are not public and may be made available only to qualified researchers approved by the Commissioner under M.G.L. c.111 section 24A; aggregate outputs can be requested separately. Contact: Vital.DataRequest@mass.gov. Existing public PM2.5 surfaces do not reproduce this linked microdataset.	essary and coverage greater than 99%. Data Example: Association between air pollution and low birthweight We applied our spatial SIMEX method to a study of birthweight and particulate matter exposure during pregnancy in Massachusetts. The objective of the study was to estimate the association between birthweight and PM 2.5 exposure during the second and third trimesters. The study population included all singleton live births in Massachusetts from the Massachusetts Birth Registry during 2008 (January 1 to December 31), a total of 70,340 births. Individual-level data on the mother and baby come from the Massachusetts Birth Registry. Confounders i	if this dataset is essential, submit a research access application to Massachusetts DPH/RVRS; otherwise retain paper metadata only and exclude individual birth records from automated recovery
meuse	A02;N05	10.1016/j.spasta.2025.100907;10.4230/LIPIcs.GIScience.2023.11	Meuse	already_in_repo					data/final_datasets/sf/R_sp_meuse_meuse.rds	corpus\papers\tei\A Low-Rank Bayesian Approach for Geoadditive Modeling [N05].tei.xml;corpus\papers\tei\Benchmarking Regression Models Under Spatial heterogeneity.tei.xml				"s, spatial features, and economic information. The forestation rate is given as four quantiles, which is problematic for the framing as a regression problem. The results must therefore be taken with a grain of salt. The Meuse river dataset 8 is another standard dataset for experimental spatial analysis [25] . It is a rather small collection of soil measurements including copper, cadmium, and zinc. Usually, this dataset is used to predict zinc concentration from the other soil measurements as well as from further contextual information. For preprocessing, we omit the categorical ""landuse"" variable and two incomplete samples. Finally, a da"	verify exact paper extract, variables and licence
mirs_satellite_total_precipitable_water	S08	10.1080/01621459.2015.1123632	MIRS satellite total precipitable water	public_archive_reconstruction_required			https://www.star.nesdis.noaa.gov/mirs/			corpus\papers\tei\S08.tei.xml	NOAA/NESDIS MIRS	Search S08 supplement and MIRS archive for the frozen hour	S08 identifies NOAA/NESDIS MiRS total precipitable water satellite retrievals. The source archive is public, but the paper uses a particular frozen hour/domain and no ready analysis subset is deposited.	liations=false, includeRawCitations=false, includeRawCopyrights=false, generateTeiIds=false, generateTeiCoordinates=[], flavor=null Basis functions Distributed computing Full-scale approximation Gaussian process Kriging Satellite data Automated sensing instruments on satellites and aircraft have enabled the collection of massive amounts of high-resolution observations of spatial fields over large spatial regions. If these datasets can be efficiently exploited, they can provide new insights on a wide variety of issues. However, traditional spatial-statistical techniques such as kriging are not computationally feasible for big datasets. We pro	extract date, hour, sensor, domain and quality filters from S08 and retrieve only that MiRS granule set
ncdc_precip_anomalies	S03;S06	10.1111/j.1467-9868.2011.01007.x;10.1198/016214508000000959	NCDC US precipitation anomalies	downloaded_content_verified			https://www.image.ucar.edu/Data/precip_tapering/		data/raw/papers/S03_S06_precipitation_anomalies/ucar_precip_tapering/taperexample.zip	corpus\papers\tei\S03.tei.xml;corpus\papers\tei\S06.tei.xml	National Climatic Data Center	Retrieve Johns et al. 2003/NCDC archive and reproduce each paper's subset	Official NCAR/UCAR example archive downloaded. It contains anom1962.RData and the R programs functions.R, infcalc.R, likcalc.R, maxlik.R, plotdata.R and timing.R used for the precipitation-anomaly example.	ains can be achieved by applying the tapering methods to large, irregularly spaced spatial data sets. An example of such a data set is a collection of observations from weather stations in the United States. We consider precipitation data from the National Climatic Data Center for the years 1895 to 1997. This data set was examined in detail by Johns et al. (2003) , who focused on imputing missing observations. In this analysis we consider yearly total precipitation anomalies, that is, yearly totals standardized by the long-run mean and standard deviation for each station. We illustrate the tapering methods using the precipitation anomalies from | le approx. 0.5 1 1.5 2 2.5 3 0.3 0.4 0.5 0.6 0.7 0.8 time MSPE (b) MSPE vs Time (large λ) Predictive process Covariance tapering Full-scale approx. 1 . Real data analysis We next illustrate our method using annual total precipitation anomalies at 7352 weather stations from the year 1962 in the United States. The annual precipitation anomalies are the annual rainfall totals standardized by subtracting the long-run mean and dividing the standard deviation for each station using the precipitation data from the National Climatic Data Center (NCDC) for the years 1895 to 1997 (Johns et al., 2003) , Kaufman et al. (2008) noticed no obvious nonstationar	load anom1962.RData with the repository R runtime, verify object dimensions and determine whether S06 uses this exact 1962 table or a distinct subset before creating the loader
new_york_city_covid_19_zcta_counts	G09	10.1080/13658816.2023.2250838	New York City COVID-19 ZCTA counts	pipeline_rds_built_manual_review	rds_fiche_and_kg_created_manual_review	10.6084/m9.figshare.21743021.v1	https://doi.org/10.6084/m9.figshare.21743021.v1		data/raw/papers/G09_Poisson_MGWR_NYC/figshare/21743021/nyc_all_data.csv;data/raw/papers/G09_Poisson_MGWR_NYC/figshare/21743021/NYC_replication_code_submission-IJGIS.ipynb;code/r_catalog/build_sf_datasets_papers.R;data/final_datasets/sf/paper_g09_nyc_covid_zcta.rds;wiki/datasets/fiches_datasets/paper_g09_nyc_covid_zcta.md	corpus\papers\tei\G09.tei.xml	NYC public health and census sources	Reconstruct from the sources and specification cited in DOI 10.1080/13658816.2023.2250838	Official CC BY 4.0 replication files downloaded and checked. Analytical CSV has 183 complete ZCTAs and 192 columns. Notebook final model: Positive ~ perc_black + heart_perc + pop_density + schools_per_mile + perc_pub_ast + perc_hispanic, Poisson log link with Total as offset/exposure. Source CRS is not declared in the paper or notebook. EPSG:2263 (NAD83 / New York Long Island, US survey feet) is assigned as a high-confidence reconstruction from official NYC metadata, MODZCTA provenance, and the observed coordinate extent; it remains documented as inferred rather than author-declared.	=false, includeRawCitations=false, includeRawCopyrights=false, generateTeiIds=false, generateTeiCoordinates=[], flavor=null Local Poisson regression spatial process scale multiscale geographically weighted Poisson model COVID-19 local scoring algorithm A recent addition to the suite of techniques for local statistical modeling is the implementation of the multiscale geographically weighted regression (MGWR), a multiscale extension to geographically weighted regression (GWR). Using a back-fitting algorithm, MGWR relaxes the restrictive assumption in GWR that all processes being modeled operate at the same spatial scale and allows the esti	manually validate the generated fiche, formula and redistribution evidence before any package promotion
northeastern_us_precipitation_hydrogen_isotopes	A05	10.5194/gmd-13-6149-2020	Northeastern US precipitation hydrogen isotopes	pipeline_rds_built_manual_review	raw_data_downloaded_pending_loader	10.5281/zenodo.3637689	https://doi.org/10.5281/zenodo.3637689		data/raw/papers/MediumPriorityRetry_10_5281_zenodo_3637689/extracted/quexiang-STWR-e29544f/Data_STWR/RealWorldData/precip_isotope_D3.csv | data/final_datasets/sf/paper_a05_precip_isotope.rds	corpus\papers\tei\A spatiotemporal weighted regression model for nontationarity.tei.xml			N=272 observations at 116 sites across three stages (90/109/73); formula d2h ~ ppt + tmean + Elevation; WGS84 EPSG:4326.	erformance of GWR, GTWR, and STWR. Results show that STWR significantly improves the quality of fit and accuracy. Similar results were obtained by using real-world data for precipitation hydrogen isotopes (δ 2 H) in the northeastern United States. The leave-one-out cross-validation (LOOCV) test demonstrates that, compared with GWR, the total prediction error of STWR is reduced by using recent observed points. Prediction surfaces of models in this case study show that STWR is more localized than GWR. Our research validates the ability of STWR to take full advantage of all the value variation of past observed points. We hope STWR can bring fresh	Add KG relation, formula override and readiness evidence; generate and manually verify fiche before package export.
nyc_airbnb	A03	10.1007/s10109-025-00481-4	NYC Airbnb	pipeline_rds_built_manual_review	not_ingested_source_known		https://github.com/ggeniaux/tds_mgwr_datasets		data/raw/papers/Geniaux2026_TopDownScale_GitHub/AB_NYC_2019.csv | data/final_datasets/sf/paper_a03_nyc_airbnb.rds	corpus\papers\tei\atds_mgwr_ghislain_geniaux.tei.xml			N=38782 after complete-case and 3<log1p(price)<8 filters; room type one-hot encoded; WGS84 coordinates.	ample locations as target points. When crossvalidation exceeds 8 h by fold for certain estimators, the computation is skipped. This occurs, for example, with multiscale_gwr for the VaucluseHousePrice, King_house, and NYCAirBnb datasets, as well as for computing the global AICc using the King_ house and NYCAirBnb datasets. The absence of results for Python MGWR on these two datasets is due to singularity issues encountered during local coefficient estimation, which do not affect the other estimators. Table 6 presents both in-sample and out-of-sample RMSE for each dataset and estimator. The results show that for small sample sizes, GWR outp	Add KG relation, formula override and readiness evidence; generate and manually verify fiche before package export.
pacific_ocean_wind	C01	10.1016/j.jspi.2009.05.008	Pacific Ocean wind	upstream_dataset_exact_file_not_found			https://doi.org/10.1016/j.jspi.2009.05.008			corpus\papers\tei\C01.tei.xml	Sources in Li et al. 2007	Retrieve the two datasets from cited paper supplement/source	C01/Li et al. describe east-west wind in the tropical western Pacific from November 1992 to February 1993: 480 six-hourly times on a 17 x 17 grid, with approximately 1.875-degree longitude and 1.9047-degree latitude spacing. No raw file has been located.	ve comparisons is that, to some Nominal level is 0.05. The largest standard error is 0.91%. The format is same as Table 3 . Real data illustration We revisit the two real data sets analyzed in Li et al. (2007) . For the Pacific Ocean wind data, it contains the east-west wind velocity from a region over the tropical western Pacific Ocean for the period from November 1992 to February 1993. The winds are given every 6 h and at a 17 × 17 grid with grid interval of about 210 km. Following Li et al. (2007) , we remove the time-averaged mean for each grid location and choose the same spatio-temporal testing lags as used in their paper, which resu	search the Li et al. and Wikle-Cressie supplements/software archives using these dimensions as acceptance checks; request the array if no archive survives
pan_european_regional_economic_growth	A10	10.1016/j.spasta.2018.10.004	Pan-European regional economic growth	mixed_public_and_proprietary_sources			https://ec.europa.eu/eurostat/			corpus\papers\tei\Flexible_shrinkage_in_high_dimensional_Bayesian_spatial_autoregressive_models_W2803996363.tei.xml			A10 lists variables from Eurostat and Cambridge Econometrics. Eurostat components are public, whereas Cambridge Econometrics regional series are commercial; the exact harmonised regional table is not deposited.	rs. Results suggest that they perform particularly well in high-dimensional environments, especially when the number of parameters to estimate exceeds the number of observations. For an empirical illustration we use pan-European regional economic growth data. Introduction In the regional economic literature, spatial econometric model specifications have gained momentum in empirical research as a means to explicitly account for spillover effects between geographically structured units. Increasing availability of data often results in (spatial autoregressive) models where the number of observations is relatively small compared to the number o	reconstruct public Eurostat variables and document Cambridge Econometrics access as the blocking component
parliamentary_elections_and_economic_growth	A08	10.1017/pan.2020.23	Parliamentary elections and economic growth	already_in_repo	converted_to_sf	10.7910/dvn/cy7ywe	https://dataverse.harvard.edu/citation?persistentId=doi:10.7910/DVN/CY7YWE		data/final_datasets/sf/paper_wald_test.rds;data/raw/papers/DataCite_2020_TheWaldTestOf_10_1017_pan_2020	corpus\papers\tei\Juhl2020Wald.tei.xml				hts from the hitherto separated literatures on economic voting and spatial party competition. To assess the empirical support for the proposed mechanism, Williams and Whitten ( , -) analyze data on electoral contests in parliamentary democracies from to , where the parties constitute the unit of analysis. The change in a party's vote share between The application of bootstrap critical values can also improve the Wald test's power as Supplementary Material C. shows. Supplementary Material C. verifies the good performance of the LR test in the Monte Carlo simulations conducted here. two consecutive elections is the dependent variable and the count	verify exact paper extract, variables and licence
pittsburgh_monthly_crime_counts_by_census_tract	T08	10.1073/pnas.1917411117	Pittsburgh monthly crime counts by census tract	public_sources_exact_panel_not_deposited			https://data.wprdc.org/ | https://www.census.gov/			corpus\papers\tei\T08.tei.xml	Crime records plus Census 2000/Social Explorer	Search PNAS supplement and reference 1 using DOI 10.1073/pnas.1917411117	T08 reuses the 138-tract monthly Pittsburgh crime panel (2008–2013) assembled from police UCR records and Census 2000/Social Explorer variables. Current public portals expose related raw data, but the exact historic analytical panel and queen matrix are not attached to T08.	sly analyzed in ref. 1 by using a count model combined with a latent Gaussian spatiotemporal state process. It contains the monthly counts of crimes from January 2008 to December 2013 (72 mo) in the 138 census tracts in Pittsburgh, PA. These counts account for Part I and Part II offences, as defined in the Uniform Crime Reporting (UCR) handbook of the US Department of Justice (ref. 5, p. 8) . Part I offences consisted of 8 categories of serious felonies and Part II offences were classified into 21 categories of nonserious felonies and misdemeanors. Since the numbers of Part I offences and Part II offences are integers, we apply a logarithmic	inspect PNAS supplementary files and the upstream Liesenfeld replication materials before rebuilding from WPRDC and Census sources
plant_richness	A02	10.4230/LIPIcs.GIScience.2023.11	plant richness	pipeline_rds_built_manual_review			https://github.com/mie-lab/spatial_rf_python		data/raw/papers/A02_spatial_rf_python/data/plants.csv | data/final_datasets/sf/paper_a02_plants.rds	corpus\papers\tei\Benchmarking Regression Models Under Spatial heterogeneity.tei.xml			CRS explicitly documented by the cited spatialRF source: x=longitude and y=latitude in WGS84; EPSG:4326. The paper states 18 covariates, while the A02 CSV contains 17 non-coordinate predictors. Official replication commit 20d88253883492d81e62ae550a01ff2b8aaeed26; repository license MIT. Formula: richness_species_vascular ~ all 17 non-coordinate predictors present in the replication CSV.	"predict zinc concentration from the other soil measurements as well as from further contextual information. For preprocessing, we omit the categorical ""landuse"" variable and two incomplete samples. Finally, a dataset on plant richness is included that was used for validating spatial random forests 9 . Plant species richness is given for 227 ecoregions in America, and there are 18 covariates with information on topography, land use, human population, and climate. Results obtained from real-world data To validate the model selection tree presented in Figure 9 on real-world data, we first compute an indicator for the degree of non-stationar"	Add KG paper-dataset relation and fiche metadata; manually verify the fiche before package promotion.
pm2_5_and_meteorological_data	G06	10.1002/env.2485	PM2.5 and meteorological data	public_source_reconstruction_complete_manual_review	rds_fiche_and_kg_created_manual_review	10.6084/m9.figshare.5544445	https://aqs.epa.gov/aqsweb/airdata/download_files.html;https://psl.noaa.gov/data/gridded/data.narr.html;https://doi.org/10.1175/JCLI-D-12-00508.1;https://doi.org/10.6084/m9.figshare.5544445		data\raw\papers\DataCite_2017_EstimationAndInferenceIn_10_1002_env_2485;data/raw/papers/G06_PM25_meteorological/epa_airdata/2011_pm25_88101/daily_88101_2011.zip;data/raw/papers/G06_PM25_meteorological/noaa_psl_winter_2011_subsets;data/interim/papers/g06_pm25_meteorological_winter_2011.csv;tools/build_g06_pm25_meteorological.py;data/final_datasets/sf/paper_g06_pm25_meteorological.rds;wiki/datasets/fiches_datasets/paper_g06_pm25_meteorological.md	corpus\papers\tei\Estimation and inference in spatially varying coefficient models.tei.xml	Sources described in G06	Search article supplement using DOI 10.1002/env.2485	Reconstructed from the sources named in G06: EPA AQS daily PM2.5 for 2011, Livneh monthly grids for PPTN/Tmin/Tmax/WS, and NARR monthly grids for RH/TCDC. January, February and December are combined with day weights; EPA duplicate site-days are averaged; the domain is the conterminous US shown in Figure 7. The result has 838 complete monitoring sites. Exact author station selection and join code are not deposited, so this is a transparent reconstruction under manual review. Equation (16): PM25 ~ PPTN + RH + Tmin + Tmax + WS + TCDC, with spatially varying coefficients in BPST.	sthma, chronic bronchitis, lung cancer, and atherosclerosis. Many recent research works (Hu et al., 2013; Russell, Wang, &amp; McMahan, 2017; Tai, Mickley, &amp; Jacob, 2010) suggest that PM 2.5 concentrations depend on meteorological conditions. To improve current pollution control strategies, there is an urgent need for a more comprehensive understanding of PM 2.5 and a more accurate quantification between the meteorological drivers and the levels of PM 2.5 . In this section, we show the applicability of the proposed SVCM on a meteorological data set to study the effects of meteorological characteristics on air quality. In our study, daily mean	compare n=838 and variable summaries with any obtainable author output; generate the sf RDS through the loader when R is available; do not promote before exact-sample validation
political_competition_across_chinese_cities	T07	10.1016/j.jeconom.2020.05.016	political competition across Chinese cities	public_statistical_sources_exact_panel_not_deposited						corpus\papers\tei\T07.tei.xml	Sources described in T07	Search article replication package using DOI 10.1016/j.jeconom.2020.05.016	T07 uses 338 prefecture-level cities in 27 provinces, 2010–2013. The paper and supplement describe cities and variables but do not deposit the assembled investment panel.	ance-covariance matrix of the M-estimators, which again depends only on the process starting time. Monte Carlo results demonstrate that the proposed methods perform well in finite sample. An empirical application on the political competition in China is presented. Introduction Consider the spatial dynamic panel data (SDPD) model where the spatial effects appear in the model in the forms of spatial lag (SL), space-time lag (STL), and spatial error (SE): y t = ρy t-1 + λ 1 W 1 y t + λ 2 W 2 y t-1 + X t β + Z γ + µ + α t 1 n + u t , (1.1) u t = λ 3 W 3 u t + v t , t = 1, 2, . . . , T , where y t = (y 1t , y 2t , . . . , y nt ) ′ and v t = (v 1t	extract each cited Chinese statistical source and variable definition from T07, then assess reproducibility and licensing of the yearbook data
sovereign_bond_spreads_for_51_countries	T06	10.1016/j.regsciurbeco.2020.103520	sovereign bond spreads for 51 countries	public_sources_reconstruction_required			https://databank.worldbank.org/source/global-economic-monitor-(gem) | https://www.imf.org/en/Publications/WEO/weo-database			corpus\papers\tei\T06.tei.xml	Sources described in T06	Search article replication package using DOI 10.1016/j.regsciurbeco.2020.103520	T06 identifies World Bank GEM/EMBIG for emerging-market spreads and IMF WEO for macroeconomic covariates. The exact 51-country 2007–2012 panel is not deposited.	fferences. Monte Carlo results show that the proposed M-estimators have good finite sample performance. The practical importance and relevance of allowing for heteroskedasticity in the model is illustrated using data on sovereign risk spillover. Introduction The spatial dynamic panel data (SDPD) models have become over the years more and more popular among the theoretical and applied researchers for being able to capture the dynamic effects as well as the effects of spatial interactions. Much attention has been paid * We thank Co-Editor, Stephen Ross, and the two anonymous referees for their constructive comments that have led to improvement	retrieve vintage-consistent GEM and WEO series and reproduce the country list, advanced-economy spread calculation and weights
switzerland_rainfall	C04	10.1016/j.jmva.2024.105381	Switzerland rainfall	already_in_repo					data/final_datasets/sf/paper_swiss_rainfall.rds;data/final_datasets/sf/R_gstat_sic97_sic_obs.rds;wiki/datasets/fiches_datasets/paper_swiss_rainfall.md	corpus\papers\tei\C04.tei.xml	Oceanographic sources cited in C04	Follow references 13-14 and article supplement using DOI 10.1016/j.jmva.2024.105381	The SIC97 data (467 rainfall observations on 8 May 1986) are already present. C04 uses the response as a spatial quantile surface without conventional X covariates; do not reuse the OGC formula as if it were C04's model.	sessed by simulation studies, comparing with state-of-the-art techniques for spatial quantile regression. Finally, the considered model is applied to two real data analyses, the first concerning rainfall measurements in Switzerland and the second concerning sea surface conductivity data in the Gulf of Mexico. Introduction In this work, we are interested in modelling the heterogeneous effects of complex spatial phenomena on the conditional quantiles of a response variable of interest, via nonparametric regression. Regression analysis is, in fact, a powerful and versatile tool for analysing the conditional distribution of noisy data given a set	add the C04 paper-dataset relation and document C04's quantile-surface use separately from the existing Moller OGC benchmark specification
tokyo	A03	10.1007/s10109-025-00481-4	Tokyo	already_in_repo	catalog_only_needs_reconciliation		https://pysal.org/notebooks/lib/libpysal/Example_Datasets.html		data/final_datasets/sf/Python_libpysal_tokyo.rds	corpus\papers\tei\atds_mgwr_ghislain_geniaux.tei.xml				use prices in France (DVF), ensuring a wide diversity in theme, sample sizes and number of explanatory variables. The table 5 describes the main characteristics of these datasets. Further details on Georgia, Clearwater, Tokyo and Berlin datasets can be found on Pysal website ( p y s a l . Because atds_mgwr requires computing the global AIC using the formula from Yu et al. (2020) at each iteration of the two stages of this estimator, it cannot be used for datasets larger than 5000 observations within a reasonable time frame. Therefore, atds_mgwr results are provided only for samples smaller than this threshold. Predictions are made using	verify exact paper extract, variables and licence
tokyo_apartment_rents_at_home_real_estate_data_library_2017_subset	N06		Tokyo apartment rents (At Home Real Estate Data Library, 2017 subset)	associated_repository_without_empirical_data			https://github.com/sshonosuke/BSPS		data/raw/papers/N06_BSPS/github_sshonosuke_BSPS/BSPS-main.zip	corpus\papers\tei\Bayesian Spatial Predictive Synthesis [N06].tei.xml			The official BSPS repository was downloaded and inspected. It contains BSPS.R and two simulation examples only; neither the Tsuga application nor the proprietary At Home Tokyo observations are bundled.	Spatial Predictive Synthesis Japan Society for Promotion of Science (KAKENHI) 25 Jan 2025 Danielle Cabel Fox School of Business Temple University Philadelphia USA Shonosuke Sugasawa Faculty of Economics Keio University Tokyo Japan Masahiro Kato Graduate School of Arts and Sciences The University of Tokyo Tokyo Japan Kōsaku Takanashi Center for Advanced Intelligence Project Riken Tokyo Japan Kenichiro Mcalinn Fox School of Business Temple University Philadelphia USA Bayesian Spatial Predictive Synthesis 25 Jan 2025 3334C5090125C4B0B36118B7A320F7AC arXiv:2203.05197v4[stat.ME] GROBID - A machine learning software for extracting information	classify as proprietary/manual access through At Home Real Estate Data Library unless an author-deposited analytical extract is found
tokyo_land_values_around_railway_stations	A13	10.1016/j.spasta.2019.02.003	Tokyo land values around railway stations	public_sources_exact_sample_not_deposited			https://nlftp.mlit.go.jp/ksj/			corpus\papers\tei\SVC_Murakami.tei.xml			A13 uses 7,679 officially assessed residential land-price observations in metropolitan Tokyo for 2010. Y is log land price (JPY/m2); published X are distance to nearest railway station, distance to Tokyo railway station, share of green area in 1-km grids, and anticipated flooding depth. The paper says all layers came from MLIT National Land Numerical Information, but gives no deposited analytical table or product identifiers.	efficient modeling for large datasets: Eliminating N from spatial regressions JSPS KAKENHI 1 March 2019 Daisuke Murakami Department of Data Science Institute of Statistical Mathematics 10-3 Midori-cho 190-8562 Tachikawa Tokyo Japan Daniel A Griffith dagriffith@utdallas.edu School of Economic, Political and Policy Science The University of Texas 800 W Campbell Rd 75080 Dallas Richardson TX USA Spatially varying coefficient modeling for large datasets: Eliminating N from spatial regressions 1 March 2019 D286265F7815BECDA4C4B4EF87DA8002 10.1016/j.spasta.2019.02.003 Received 18 July 2018 Accepted 22 February 2019 GROBID - A machine learning	identify the exact 2010 NLNI products and vintages for land prices, stations, green cover and flood depth; reconstruct and accept only if the 7,679-row sample and published variables can be matched
tsuga_canadensis_occurrence_in_michigan	N06		Tsuga canadensis occurrence in Michigan	pipeline_rds_built_manual_review	rds_fiche_and_kg_created_manual_review	10.32614/CRAN.package.spNNGP	https://cran.r-project.org/package=spNNGP | https://rdrr.io/cran/spNNGP/man/MI_TSCA.rda.html		data/raw/papers/N06_Tsuga_MI_TSCA/cran/spNNGP_1.0.2/spNNGP_1.0.2.tar.gz | data/raw/papers/N06_BSPS/github_sshonosuke_BSPS/BSPS-main.zip;data/final_datasets/sf/paper_n06_tsuga_mi_tsca.rds;wiki/datasets/fiches_datasets/paper_n06_tsuga_mi_tsca.md	corpus\papers\tei\Bayesian Spatial Predictive Synthesis [N06].tei.xml			Official spNNGP 1.0.2 source archive downloaded and verified to contain data/MI_TSCA.rda. Package documentation gives 17,743 rows and 9 variables: binary occurrence, six climate covariates and two projected Albers Equal Area coordinates. Repository-native sf artifact and fiche created; CRS deliberately unresolved because the package projection declaration conflicts with the stored coordinate scale.	ifically develop an efficient computation algorithm for the binary case, using the Pólya-gamma augmentation (Polson et al., 2013) . A series of simulated data and two real world applications, involving the occurrence of Tsuga canadensis and real-estate prices in Tokyo, Japan, illustrate the efficacy of our proposed method. Through these applications, we show that our method has distinct advantages over competing methods, including statistical and machine learning methods for spatial data and ensemble methods. Notably, we show that BSPS, synthesizing conventional spatial models, delivers better predictive accuracy than state-of-the-art ma	resolve the coordinate CRS/unit inconsistency if possible; keep manual_review and do not promote the binary BSPS task automatically
tyne_and_wear_car_ownership_wards	G01	10.1111/j.1538-4632.1996.tb00936.x	Tyne and Wear car-ownership wards	public_historical_source_reconstruction_required			https://www.nomisweb.co.uk/			corpus\papers\tei\G01.tei.xml	UK census-derived study data	Search paper supplement/reproduction packages for the 1996 GWR example	G01 uses 1991 UK Census ward-level car ownership, male unemployment and social class I in Tyne and Wear. No analysis file is deposited; historical Census tables and boundaries must be aligned.	atin the null non-stationa y one and also f o r testing whether individual regression coeficients are stable over geographic space. These techniques are demonstrated on a data set from the 1991 U. K. census relating car ownership rates to social class and mule unemployment. The paper concludes by discussing ways in which the technique can be extended. which attempts to capture this variation by Cali E rating a multiple regression hypothesis that the data m y be described by a global model rat a er than a 8 = (xtx)-lxty (2) INTRODUCTION One of the main objectives in spatial analysis is to identify the nature of relationships that exist betwee	recover 1991 ward tables/boundaries and verify the paper's exact ward universe and transformations
urbansimul_parcel_data_provence	E14	10.1016/j.regsciurbeco.2017.02.002	Urbansimul parcel data, Provence	project_portal_identified_access_to_verify			https://urbansimul.paca.inra.fr/urbansimul/			corpus\papers\tei\E14.tei.xml	Urbansimul project	Search project archive and article supplement using DOI 10.1016/j.regsciurbeco.2017.02.002	E14 points to the Urbansimul PACA portal for parcel data from 26 municipalities in Provence. The current accessibility and license of the exact 40,000-plus parcel extract remain to verify.	Approximate likelihood estimation of spatial probit models ☆ URBANSIMUL 20 February 2017 Davide Martinetti davide.martinetti@inra.fr ECODEVELOPPEMENT INRA 84000 Avignon France Ghislain Geniaux ghislain.geniaux@inra.fr ECODEVELOPPEMENT INRA 84000 Avignon France Approximate likelihood estimation of spatial probit models ☆ 20 February 2017 AFF248CFF9D68871D945CCDDE3E65838 10.1016/j.regsciurbeco.2017.02.002 Received 22 January 2016; Received in revised form 2 February 2017; Accepted 10 Febr	test portal access, locate the exact study extract and document redistribution rights before download
us_april_1948_precipitation_stations	S02	10.1198/106186006X132178	US April 1948 precipitation stations	pipeline_rds_built_manual_review	rds_fiche_and_kg_created_manual_review		https://cran.r-project.org/package=spam;https://www.image.ucar.edu/GSP/Data/US.monthly.met/		data/raw/papers/S02_US_April_1948_precipitation/spam/data/USprecip.rda;code/r_catalog/build_sf_datasets_papers.R;data/final_datasets/sf/paper_s02_us_april_1948_precip.rds;wiki/datasets/fiches_datasets/paper_s02_us_april_1948_precip.md	corpus\papers\tei\S02.tei.xml	NCAR US.monthly.met	Search archived URL cited in S02 and article supplement	Official spam::USprecip contains 11,918 locations: 5,906 observed (infill=1) and 6,012 infilled. S02 prose says 5,909, but Figure 8 says 5,906; loader follows the auditable official indicator and preserves anomaly as Y.	-in such that the user has no ability to manipulate the source code. Application In this section we apply covariance tapering in kriging to a large irregularly spaced dataset. We use aggregated monthly precipitation for April 1948 at 5,909 stations in the US 4 . For a detailed description of 4 Available at http://www.cgd.ucar.edu/stats/Data/US.monthly.met.html . Figure 5 : Influence of ordering on the performance. The top row shows the structure of the covariance matrix, the bottom row its upper triangular Cholesky factor. The first column is for an arbitrary numbering, the second for a row-by-row numbering, the third column is after a r	manually validate the generated fiche, formula and redistribution evidence before any package promotion
us_cigarette_panel	T04;T09	10.1016/j.jeconom.2016.11.004;10.1371/journal.pone.0261144	US state cigarette demand	downloaded_content_verified			https://doi.org/10.1371/journal.pone.0261144;https://spatial-panels.com/software/		data/raw/papers/T09_US_cigarette_panel/plos_10_1371_journal_pone_0261144/S1_Data.xls;data/raw/papers/T09_US_cigarette_panel/plos_10_1371_journal_pone_0261144/S2_Data.xls	corpus\papers\tei\T04.tei.xml;corpus\papers\tei\T09.tei.xml	spatial-panels.com / Baltagi-Levin data	Retrieve dataset and W from https://spatial-panels.com/software/ then archive provenance	Exact PLOS supplementary files recovered. S1 contains 1,380 rows = 46 states x 30 years and variables year, state, logc, logp, logpn, logy. S2 contains the 46x46 spatial weights matrix (read with col_names=FALSE). This source covers the common T04/T09 cigarette panel.	QML Estimation of spatial dynamic panel data models with endogenous time varying spatial weights matrices November 16, 2016 Xi Qu xiqu@sjtu.edu.cn Center for Statistical Science Shanghai Jiao Tong University Ohio State University Peking University Peking University Center for Statistical Science Shanghai Jiao Tong University Ohio State University Peking University Peking University Lung-Fei Lee Center for Statistical Science Shanghai Jiao Tong University Ohio State University Peking University Peking University Jihai Yu jihai.yu@gmail.com Center for Statistical Science Shanghai Jiao Tong University Ohio State University Peking Uni | set ( https://spatial-panels.com/software/ ) to illustrate our methodologies. The cigarette demand data set has been analyzed by many authors (see, [9, [23] [24] [25] [26] [27] ). The data set is based on a panel of 46 states and covers 1963 to 1992. The spatial weight matrix W is also given in the data set. We take the following two variables as explanatory variables, such as the logarithm average retail price of a pack of cigarettes measured in real terms, (X 1 ), and the logarithm real per capita disposable income (X 2 ). The dependent variable y it is the logarithm real per capita sales of cigarettes by persons of smoking age (14 ye	verify state/year coding and all workbook sheets against T04 and T09, then implement a panel-specific loader retaining W
us_county_lung_cancer_mortality	A09	10.1016/j.spasta.2018.07.005	US county lung-cancer mortality	public_sources_reconstruction_required			https://gis.cancer.gov/cancer-atlas/ | https://www.epa.gov/outdoor-air-quality-data			corpus\papers\tei\Generalised_spatial_and_spatiotemporal_autoregressive_conditional_heteroscedasti_W2511771736.tei.xml			A09 identifies five-year county lung/bronchus cancer mortality (2008–2012) from CDC/NCI and 2012 annual environmental averages from EPA. The merged county/monitor table is not deposited.	atial weights. Thus, a new nonlinear attempt, a spatial process for conditional heteroscedasticity, is needed to achieve the required flexibility of the model. To illustrate these variance clusters, we computed for each county the sample standard deviation of the residuals lying within a radius of 500 km (310.686 mi). In Figure 1 , the conditional sample standard deviation is visualized on the map (below, left) and by means of a simple histogram (below, right) . Obviously, we observe two major clusters of the residual's variance: the variance is higher in the Eastern United States compared with the Western United States. Moreover, these t	retrieve the cited mortality and EPA vintages, reproduce county exclusions and spatial aggregation, then verify the regression formula
us_county_teenage_pregnancy_rates	E03	10.1016/j.jeconom.2009.10.035	US county teenage-pregnancy rates	exact_legacy_sources_reconstruction_required			https://doi.org/10.1016/j.jeconom.2009.10.035			corpus\papers\tei\E03.tei.xml	Source described in E03	Search article supplement and cited county-rate source using DOI 10.1016/j.jeconom.2009.10.035	The application uses 761 counties in Colorado, Iowa, Kansas, Minnesota, Missouri, Montana, Nebraska, North Dakota, South Dakota and Wyoming. The reported sources are Thomas (1999), Health and Healthcare in the United States—County and Metro Area Data, and the 1990 US Census; no ready analytical table has been found.	obust. Asymptotically valid inferences can be drawn with consistently estimated covariance matrices. Efficiency can be improved by constructing the optimal weighted estimation. The approaches are applied to the study of county teenage pregnancy rates. The empirical results show a strong spatial convergence among county teenage pregnancy rates. Introduction Many economic processes, for example, housing decisions, technology adoption, unemployment, welfare participation, price decisions, etc., exhibit spatial patterns. Recently, spatial models that have a long history in regional science and geography have received substantial attention in	locate the Thomas 1999 CD-ROM/table and join its county variables to 1990 Census geography after verifying the paper formula and county exclusions
us_state_motor_vehicle_deaths_1980_2009	N01	10.1098/rspa.2020.0113	US state motor-vehicle deaths 1980-2009	identified_repository_login_required		10.3886/ICPSR34789.v2	https://doi.org/10.3886/ICPSR34789.v2 | https://doi.org/10.1371/journal.pone.0123339			corpus\papers\tei\An information-theoretic approach to study spatial dependencies in small datasets [N01].tei.xml			The PLOS source article gives the exact data citation: State Health Policy Research Dataset (SHePRD), 1980-2010, ICPSR 34789 v2. It documents FARS deaths plus NHTSA mileage/alcohol variables. ICPSR public files require a free Researcher Passport login and acceptance of terms.	ements, generated by linear or nonlinear autoregressive processes. Upon validation on synthetic processes, we examine datasets of human migration under climate change in Bangladesh and motor vehicle deaths in the United States of America. For both these real datasets, our approach is successful in identifying meaningful spatial patterns, begetting statisticallyprincipled insight into the mechanisms of important socioeconomic problems. Introduction The identification and quantification of spatial dependencies in ensembles of random variables is a ubiquitous problem in science and engineering [1] [2] [3] . From epidemiology [4] to ecology	retrieve ICPSR34789.v2 manually with an authorized ICPSR account, then reproduce N01's 1980-2009 state-year outcome and adjacency treatment
usgs_streamflow_northern_illinois_and_wisconsin	T10	10.1111/biom.12656	USGS streamflow, Northern Illinois and Wisconsin	public_api_reconstruction_requires_station_ids			https://waterservices.usgs.gov/ | https://api.waterdata.usgs.gov/			corpus\papers\tei\T10.tei.xml	US Geological Survey	Use USGS NWIS with station list and dates from article supplement	T10 uses daily mean discharge from 28 USGS stations in northern Illinois and Wisconsin from June through October 2013. Stations downstream of Lake Koshkonong on the Rock River and stations with extreme drainage areas were excluded; the remaining blocker is the exact 28 station IDs.	ins by applying the concept of the dimension expansion method in Bornn et al. (2012) . Simulations are conducted for both separable and nonseparable space-time covariance models, and the model is also illustrated with a streamflow dataset. Both simulation and data analyses show that modeling nonstationarity in both space and time can improve the predictive performance over stationary covariance models or models that are nonstationary in space but stationary in time. Introduction Interests in spatio-temporal data analysis are rising as such data has become more abundant in agriculture, atmospheric, hydrological, and other environmental science	inspect article supplement/code and upstream study for the station list; only then query USGS daily values and station metadata
vaucluse_house_price	A03	10.1007/s10109-025-00481-4	VaucluseHousePrice	pipeline_rds_built_manual_review	not_ingested_source_known		https://github.com/ggeniaux/tds_mgwr_datasets		data/raw/papers/Geniaux2026_TopDownScale_GitHub/my_dataf.Rdata | data/final_datasets/sf/paper_a03_vaucluse_house.rds	corpus\papers\tei\atds_mgwr_ghislain_geniaux.tei.xml			N=3215 after the author code restricts anneemut<=2019; response log_valeur_fonc; Lambert-93 EPSG:2154.	on MGWR) when applied to real datasets, compared to simulated data. On average, across the first five datasets, our approach requires approximately five times fewer GWR estimations, reaching up to 200 iterations for the VaucluseHousePrice dataset, foot_0 demonstrating its computational efficiency. Computational issues The MGWR algorithm proposed by FYK2017 has a computational complexity of O(kdn 2 log(n)), where k is the number of covariates, d is the number of backfitting iterations, and log(n) arises from the golden-section search used to determine the optimal bandwidth (Li and Fotheringham 2020) . A straightforward way to speed up comput	Add KG relation, formula override and readiness evidence; generate and manually verify fiche before package export.
ventura_and_los_angeles_pm2_5_point_and_areal_fusion	N04	10.1007/s13253-025-00720-7	Ventura and Los Angeles PM2.5 point-and-areal fusion	downloaded_content_verified			https://github.com/lcgodoy/jabe-d-25-00205;https://www.epa.gov/outdoor-air-quality-data/download-daily-data		data/raw/papers/N04_Hausdorff_Gaussian_process/github_lcgodoy_jabe_d_25_00205/jabe-d-25-00205-main.zip	corpus\papers\tei\Statistical Inferences and Predictions for Areal Data and Spatial Data Fusion with Hausdorff-Gaussian Processes [N04].tei.xml			Official repository named in N04 downloaded. It contains the complete PM2.5 application: dataset.rds (202 point stations, sf), pred-locations.rds (743 prediction units, sf), counties.rds, EPA station CSVs, satellite GeoTIFFs, cross-validation objects and analysis code.		extract the authoritative archive through a loader; verify the exact response/covariates and CRS from the repository scripts before creating the final sf artifact
west_antarctica_ice_sheet_thickness	N03	10.1007/s13253-024-00619-9	West Antarctica ice-sheet thickness	exact_public_source_reconstruction_required		10.5285/fa5d606c-dc95-47ee-9016-7a82e446f2f2	https://doi.org/10.5285/fa5d606c-dc95-47ee-9016-7a82e446f2f2 | https://github.com/benee55/PICAR_Z_Code		data/raw/papers/N03_PICAR_Z/github_benee55_PICAR_Z_Code/PICAR_Z_Code-main.zip	corpus\papers\tei\A Class of Models for Large Zero-inflated Spatial Data [N03].tei.xml			N03 explicitly uses Bedmap2 ice thickness, resampled to 20 km on a 171 x 171 Antarctic grid: 29,241 observations, including 10,327 zeros. The official UK Polar Data Centre gridding product is public; the PICAR-Z repository contains model code but not the derived grid.		inspect archive size and product structure before download, then reproduce the 20-km 171x171 grid and verify zero coding, projection and train/validation split (23,000/6,241)
