"dataset","generator","task","fold","method","draws","failed","nmse_mean","coverage_90pct","mean_width_90pct","error"
"georgia","polynomial","known_network",1,"linear",30,FALSE,1.75554216033462,0.114285714285714,0.70134692179054,""
"georgia","polynomial","known_network",1,"polynomial",30,FALSE,0.136962848043415,0.2,0.68748952261731,""
"georgia","polynomial","known_network",1,"gam_covariates",30,FALSE,0.137873480535693,0.114285714285714,0.479374582087605,""
"georgia","polynomial","known_network",1,"gam_spatial",30,FALSE,0.140515425429401,0.142857142857143,0.51613739196049,""
"georgia","polynomial","known_network",1,"forest",30,FALSE,0.656800656026429,0.114285714285714,0.922085925412773,""
"georgia","polynomial","known_network",2,"linear",30,FALSE,0.302517037699256,0.285714285714286,1.35712403699461,""
"georgia","polynomial","known_network",2,"polynomial",30,FALSE,0.104146042623926,0.228571428571429,0.748918292911285,""
"georgia","polynomial","known_network",2,"gam_covariates",30,FALSE,0.109765706067743,0.342857142857143,0.722944736638226,""
"georgia","polynomial","known_network",2,"gam_spatial",30,FALSE,0.109284714492776,0.314285714285714,0.611128052792214,""
"georgia","polynomial","known_network",2,"forest",30,FALSE,0.189022092210857,0.342857142857143,0.894550016085726,""
"georgia","polynomial","known_network",3,"linear",30,FALSE,0.437724478856426,0.333333333333333,1.02975847260859,""
"georgia","polynomial","known_network",3,"polynomial",30,FALSE,0.0395263748404078,0.333333333333333,0.724163123514365,""
"georgia","polynomial","known_network",3,"gam_covariates",30,FALSE,0.0461438937787422,0.416666666666667,0.774230208812035,""
"georgia","polynomial","known_network",3,"gam_spatial",30,FALSE,0.0767332698421644,0.444444444444444,0.960602547828354,""
"georgia","polynomial","known_network",3,"forest",30,FALSE,0.0942279391239775,0.583333333333333,1.12785765731427,""
"georgia","polynomial","geographic_transfer",1,"linear",30,FALSE,1.77967055247609,0.171428571428571,0.933037037183819,""
"georgia","polynomial","geographic_transfer",1,"polynomial",30,FALSE,0.156044705511294,0.285714285714286,0.91211978369836,""
"georgia","polynomial","geographic_transfer",1,"gam_covariates",30,FALSE,0.150741798267538,0.171428571428571,0.614368750080919,""
"georgia","polynomial","geographic_transfer",1,"gam_spatial",30,FALSE,0.155927337125277,0.2,0.640844304163647,""
"georgia","polynomial","geographic_transfer",1,"forest",30,FALSE,0.650771544955779,0.114285714285714,0.979238883006302,""
"georgia","polynomial","geographic_transfer",2,"linear",30,FALSE,0.317838196753338,0.457142857142857,1.93233578013437,""
"georgia","polynomial","geographic_transfer",2,"polynomial",30,FALSE,0.119872253575545,0.4,1.06083739734905,""
"georgia","polynomial","geographic_transfer",2,"gam_covariates",30,FALSE,0.118424203365386,0.371428571428571,0.974948637352505,""
"georgia","polynomial","geographic_transfer",2,"gam_spatial",30,FALSE,0.117603926276697,0.371428571428571,0.843728641811472,""
"georgia","polynomial","geographic_transfer",2,"forest",30,FALSE,0.210744695372365,0.371428571428571,1.13654157765072,""
"georgia","polynomial","geographic_transfer",3,"linear",30,FALSE,0.491290043909018,0.444444444444444,1.81420184505888,""
"georgia","polynomial","geographic_transfer",3,"polynomial",30,FALSE,0.0626634566729965,0.638888888888889,1.25271652296257,""
"georgia","polynomial","geographic_transfer",3,"gam_covariates",30,FALSE,0.0636173474309797,0.555555555555556,1.12381855698594,""
"georgia","polynomial","geographic_transfer",3,"gam_spatial",30,FALSE,0.0996289400359231,0.5,1.16962310871321,""
"georgia","polynomial","geographic_transfer",3,"forest",30,FALSE,0.118932326739125,0.583333333333333,1.39699156762987,""
"georgia","forest","known_network",1,"linear",30,FALSE,0.510408311657844,0.142857142857143,0.708727838086075,""
"georgia","forest","known_network",1,"polynomial",30,FALSE,0.324191281207395,0.0857142857142857,0.782639218880088,""
"georgia","forest","known_network",1,"gam_covariates",30,FALSE,0.172244219100988,0.0857142857142857,0.633438524333284,""
"georgia","forest","known_network",1,"gam_spatial",30,FALSE,0.24684479458661,0.0857142857142857,0.526674431936614,""
"georgia","forest","known_network",1,"forest",30,FALSE,0.14994112933481,0.428571428571429,1.04922984287234,""
"georgia","forest","known_network",2,"linear",30,FALSE,0.232487594802906,0.371428571428571,1.23869511429943,""
"georgia","forest","known_network",2,"polynomial",30,FALSE,0.275656823116175,0.285714285714286,1.17233923111056,""
"georgia","forest","known_network",2,"gam_covariates",30,FALSE,0.19185621811327,0.4,1.15848133453691,""
"georgia","forest","known_network",2,"gam_spatial",30,FALSE,0.200044580619598,0.4,1.07876682059802,""
"georgia","forest","known_network",2,"forest",30,FALSE,0.142814142433308,0.542857142857143,1.3096976224312,""
"georgia","forest","known_network",3,"linear",30,FALSE,0.230590921007774,0.361111111111111,0.920418159361017,""
"georgia","forest","known_network",3,"polynomial",30,FALSE,0.160877725960952,0.166666666666667,0.787406061619732,""
"georgia","forest","known_network",3,"gam_covariates",30,FALSE,0.28161086276877,0.361111111111111,0.820020928153731,""
"georgia","forest","known_network",3,"gam_spatial",30,FALSE,0.310401345226169,0.25,0.651600807260007,""
"georgia","forest","known_network",3,"forest",30,FALSE,0.138947116570816,0.472222222222222,1.12088713215045,""
"georgia","forest","geographic_transfer",1,"linear",30,FALSE,0.551290088953543,0.228571428571429,1.00760552134041,""
"georgia","forest","geographic_transfer",1,"polynomial",30,FALSE,0.34927775775793,0.2,1.05384823556624,""
"georgia","forest","geographic_transfer",1,"gam_covariates",30,FALSE,0.192758902607466,0.171428571428571,0.789378888209945,""
"georgia","forest","geographic_transfer",1,"gam_spatial",30,FALSE,0.264105687579739,0.171428571428571,0.613479813938002,""
"georgia","forest","geographic_transfer",1,"forest",30,FALSE,0.173262796096458,0.371428571428571,1.33192267438919,""
"georgia","forest","geographic_transfer",2,"linear",30,FALSE,0.242907291248501,0.542857142857143,1.61093574883557,""
"georgia","forest","geographic_transfer",2,"polynomial",30,FALSE,0.29858749816965,0.428571428571429,1.46449478558346,""
"georgia","forest","geographic_transfer",2,"gam_covariates",30,FALSE,0.206838934962893,0.457142857142857,1.34477312723639,""
"georgia","forest","geographic_transfer",2,"gam_spatial",30,FALSE,0.197698557989437,0.342857142857143,1.00836027607331,""
"georgia","forest","geographic_transfer",2,"forest",30,FALSE,0.154343952365524,0.542857142857143,1.5667369979949,""
"georgia","forest","geographic_transfer",3,"linear",30,FALSE,0.261522120989178,0.472222222222222,1.58855432041725,""
"georgia","forest","geographic_transfer",3,"polynomial",30,FALSE,0.185204227234322,0.416666666666667,1.2600194362237,""
"georgia","forest","geographic_transfer",3,"gam_covariates",30,FALSE,0.306368310478389,0.472222222222222,1.3337878709277,""
"georgia","forest","geographic_transfer",3,"gam_spatial",30,FALSE,0.32021020029912,0.25,0.751819460383122,""
"georgia","forest","geographic_transfer",3,"forest",30,FALSE,0.143992766670569,0.527777777777778,1.5015236177436,""
"meuse","polynomial","known_network",1,"linear",30,FALSE,0.266672234576528,0.235294117647059,0.261016231965711,""
"meuse","polynomial","known_network",1,"polynomial",30,FALSE,0.230502945821472,0.176470588235294,0.272747871937922,""
"meuse","polynomial","known_network",1,"gam_covariates",30,FALSE,0.2684505939762,0.205882352941176,0.195579213769447,""
"meuse","polynomial","known_network",1,"gam_spatial",30,FALSE,0.246135860995276,0.264705882352941,0.215123973490482,""
"meuse","polynomial","known_network",1,"forest",30,FALSE,0.360675023496509,0.205882352941176,0.303263111722145,""
"meuse","polynomial","known_network",2,"linear",30,FALSE,0.143399522498125,0.5,0.330624028678141,""
"meuse","polynomial","known_network",2,"polynomial",30,FALSE,0.106332107636771,0.558823529411765,0.415512911556024,""
"meuse","polynomial","known_network",2,"gam_covariates",30,FALSE,0.172443942278856,0.411764705882353,0.39559925223684,""
"meuse","polynomial","known_network",2,"gam_spatial",30,FALSE,0.176594455097935,0.441176470588235,0.336809940184994,""
"meuse","polynomial","known_network",2,"forest",30,FALSE,0.208829574451488,0.441176470588235,0.292741593360307,""
"meuse","polynomial","known_network",3,"linear",30,FALSE,0.202012473379004,0.147058823529412,0.205762825848394,""
"meuse","polynomial","known_network",3,"polynomial",30,FALSE,0.126678896826114,0.205882352941176,0.199465782829615,""
"meuse","polynomial","known_network",3,"gam_covariates",30,FALSE,0.156076231078814,0.205882352941176,0.20324014898508,""
"meuse","polynomial","known_network",3,"gam_spatial",30,FALSE,0.13076578284722,0.441176470588235,0.281093238919599,""
"meuse","polynomial","known_network",3,"forest",30,FALSE,0.222404170337179,0.235294117647059,0.233640320608236,""
"meuse","polynomial","geographic_transfer",1,"linear",30,FALSE,0.358402309979658,0.205882352941176,0.219629937982678,""
"meuse","polynomial","geographic_transfer",1,"polynomial",30,FALSE,0.319135677356225,0.323529411764706,0.238499362622087,""
"meuse","polynomial","geographic_transfer",1,"gam_covariates",30,FALSE,0.312633218918255,0.0294117647058824,0.145731401861014,""
"meuse","polynomial","geographic_transfer",1,"gam_spatial",30,FALSE,0.291754531458002,0.147058823529412,0.163487519986959,""
"meuse","polynomial","geographic_transfer",1,"forest",30,FALSE,0.365481234878294,0.264705882352941,0.295274137710055,""
"meuse","polynomial","geographic_transfer",2,"linear",30,FALSE,0.190061868608765,0.470588235294118,0.534091224648381,""
"meuse","polynomial","geographic_transfer",2,"polynomial",30,FALSE,0.170594201394842,0.647058823529412,0.549686257420354,""
"meuse","polynomial","geographic_transfer",2,"gam_covariates",30,FALSE,0.251473726890002,0.382352941176471,0.499271855527899,""
"meuse","polynomial","geographic_transfer",2,"gam_spatial",30,FALSE,0.235932095453089,0.382352941176471,0.447713728687959,""
"meuse","polynomial","geographic_transfer",2,"forest",30,FALSE,0.27309995472283,0.441176470588235,0.424304457533432,""
"meuse","polynomial","geographic_transfer",3,"linear",30,FALSE,0.185206113592052,0.5,0.481504020912883,""
"meuse","polynomial","geographic_transfer",3,"polynomial",30,FALSE,0.118347326093998,0.558823529411765,0.439156281089429,""
"meuse","polynomial","geographic_transfer",3,"gam_covariates",30,FALSE,0.156473617757035,0.323529411764706,0.355715747620316,""
"meuse","polynomial","geographic_transfer",3,"gam_spatial",30,FALSE,0.137627883089978,0.441176470588235,0.361335083983462,""
"meuse","polynomial","geographic_transfer",3,"forest",30,FALSE,0.206471014678651,0.352941176470588,0.328627965870916,""
"meuse","forest","known_network",1,"linear",30,FALSE,0.125331067150021,0.617647058823529,0.414662070222464,""
"meuse","forest","known_network",1,"polynomial",30,FALSE,0.110489074460023,0.558823529411765,0.407795757600504,""
"meuse","forest","known_network",1,"gam_covariates",30,FALSE,0.12625044479522,0.647058823529412,0.486304159537479,""
"meuse","forest","known_network",1,"gam_spatial",30,FALSE,0.129392281601647,0.705882352941177,0.487469431508211,""
"meuse","forest","known_network",1,"forest",30,FALSE,0.1309634560192,0.5,0.254896359177615,""
"meuse","forest","known_network",2,"linear",30,FALSE,0.280259805089854,0.352941176470588,0.230604922447529,""
"meuse","forest","known_network",2,"polynomial",30,FALSE,0.204609724003546,0.294117647058824,0.296208585894307,""
"meuse","forest","known_network",2,"gam_covariates",30,FALSE,0.304453997242263,0.382352941176471,0.328933265208838,""
"meuse","forest","known_network",2,"gam_spatial",30,FALSE,0.309984198352625,0.352941176470588,0.319049803891015,""
"meuse","forest","known_network",2,"forest",30,FALSE,0.14514503201612,0.470588235294118,0.331976033335941,""
"meuse","forest","known_network",3,"linear",30,FALSE,0.099783280364183,0.558823529411765,0.288391884961107,""
"meuse","forest","known_network",3,"polynomial",30,FALSE,0.156655345503497,0.441176470588235,0.287678581608998,""
"meuse","forest","known_network",3,"gam_covariates",30,FALSE,0.0869903352554859,0.588235294117647,0.317323954768145,""
"meuse","forest","known_network",3,"gam_spatial",30,FALSE,0.108234956929802,0.588235294117647,0.330192732809587,""
"meuse","forest","known_network",3,"forest",30,FALSE,0.143012633345542,0.5,0.307759074352353,""
"meuse","forest","geographic_transfer",1,"linear",30,FALSE,0.259386265252966,0.617647058823529,0.739795674041774,""
"meuse","forest","geographic_transfer",1,"polynomial",30,FALSE,0.227548023951977,0.647058823529412,0.697430977112441,""
"meuse","forest","geographic_transfer",1,"gam_covariates",30,FALSE,0.217879748535822,0.558823529411765,0.623906345552672,""
"meuse","forest","geographic_transfer",1,"gam_spatial",30,FALSE,0.219950581356073,0.558823529411765,0.622396097270548,""
"meuse","forest","geographic_transfer",1,"forest",30,FALSE,0.164667464263678,0.617647058823529,0.392390657838882,""
"meuse","forest","geographic_transfer",2,"linear",30,FALSE,0.28844215488242,0.441176470588235,0.358306632781609,""
"meuse","forest","geographic_transfer",2,"polynomial",30,FALSE,0.283818725349737,0.441176470588235,0.352286123942952,""
"meuse","forest","geographic_transfer",2,"gam_covariates",30,FALSE,0.403798077490181,0.382352941176471,0.371798417109062,""
"meuse","forest","geographic_transfer",2,"gam_spatial",30,FALSE,0.403328680980963,0.382352941176471,0.378501280432165,""
"meuse","forest","geographic_transfer",2,"forest",30,FALSE,0.260831590593996,0.441176470588235,0.418202797262071,""
"meuse","forest","geographic_transfer",3,"linear",30,FALSE,0.142623867211148,0.882352941176471,0.755903457770518,""
"meuse","forest","geographic_transfer",3,"polynomial",30,FALSE,0.198709570679403,0.705882352941177,0.700174255722332,""
"meuse","forest","geographic_transfer",3,"gam_covariates",30,FALSE,0.1154240432312,0.823529411764706,0.673099885021209,""
"meuse","forest","geographic_transfer",3,"gam_spatial",30,FALSE,0.117568159592512,0.852941176470588,0.656259671657325,""
"meuse","forest","geographic_transfer",3,"forest",30,FALSE,0.133983100845325,0.705882352941177,0.449935166583762,""
