"dataset","seed","estimator","fold","typ","truth","pred","ytrain_mean"
"banff",33,"baseline_mean",1,"continuous",5.9,7.05294117647059,7.05294117647059
"banff",33,"baseline_mean",1,"continuous",4.1,7.05294117647059,7.05294117647059
"banff",33,"baseline_mean",1,"continuous",5.8,7.05294117647059,7.05294117647059
"banff",33,"baseline_mean",1,"continuous",4.3,7.05294117647059,7.05294117647059
"banff",33,"baseline_mean",1,"continuous",3.9,7.05294117647059,7.05294117647059
"banff",33,"baseline_mean",1,"continuous",6,7.05294117647059,7.05294117647059
"banff",33,"baseline_mean",1,"continuous",5.1,7.05294117647059,7.05294117647059
"banff",33,"baseline_mean",1,"continuous",6,7.05294117647059,7.05294117647059
"banff",33,"baseline_mean",1,"continuous",5.6,7.05294117647059,7.05294117647059
"banff",33,"baseline_mean",1,"continuous",7.3,7.05294117647059,7.05294117647059
"banff",33,"baseline_mean",1,"continuous",4.8,7.05294117647059,7.05294117647059
"banff",33,"baseline_mean",1,"continuous",7.4,7.05294117647059,7.05294117647059
"banff",33,"baseline_mean",1,"continuous",8.3,7.05294117647059,7.05294117647059
"banff",33,"baseline_mean",1,"continuous",4.8,7.05294117647059,7.05294117647059
"banff",33,"baseline_mean",1,"continuous",5.9,7.05294117647059,7.05294117647059
"banff",33,"baseline_mean",1,"continuous",5.1,7.05294117647059,7.05294117647059
"banff",33,"baseline_mean",1,"continuous",5.5,7.05294117647059,7.05294117647059
"banff",33,"baseline_mean",1,"continuous",4.7,7.05294117647059,7.05294117647059
"banff",33,"baseline_mean",1,"continuous",5.7,7.05294117647059,7.05294117647059
"banff",33,"baseline_mean",1,"continuous",10.7,7.05294117647059,7.05294117647059
"banff",33,"baseline_mean",1,"continuous",4.5,7.05294117647059,7.05294117647059
"banff",33,"baseline_mean",1,"continuous",8.2,7.05294117647059,7.05294117647059
"banff",33,"baseline_mean",1,"continuous",8.3,7.05294117647059,7.05294117647059
"banff",33,"baseline_mean",1,"continuous",7.4,7.05294117647059,7.05294117647059
"banff",33,"baseline_mean",1,"continuous",8.4,7.05294117647059,7.05294117647059
"banff",33,"baseline_mean",2,"continuous",5.8,6.69638554216867,6.69638554216867
"banff",33,"baseline_mean",2,"continuous",5.5,6.69638554216867,6.69638554216867
"banff",33,"baseline_mean",2,"continuous",3.8,6.69638554216867,6.69638554216867
"banff",33,"baseline_mean",2,"continuous",8,6.69638554216867,6.69638554216867
"banff",33,"baseline_mean",2,"continuous",5.6,6.69638554216867,6.69638554216867
"banff",33,"baseline_mean",2,"continuous",6.9,6.69638554216867,6.69638554216867
"banff",33,"baseline_mean",2,"continuous",10.7,6.69638554216867,6.69638554216867
"banff",33,"baseline_mean",2,"continuous",6.7,6.69638554216867,6.69638554216867
"banff",33,"baseline_mean",2,"continuous",6.8,6.69638554216867,6.69638554216867
"banff",33,"baseline_mean",2,"continuous",3.5,6.69638554216867,6.69638554216867
"banff",33,"baseline_mean",2,"continuous",4.8,6.69638554216867,6.69638554216867
"banff",33,"baseline_mean",2,"continuous",11.5,6.69638554216867,6.69638554216867
"banff",33,"baseline_mean",2,"continuous",6.2,6.69638554216867,6.69638554216867
"banff",33,"baseline_mean",2,"continuous",5.7,6.69638554216867,6.69638554216867
"banff",33,"baseline_mean",2,"continuous",4.8,6.69638554216867,6.69638554216867
"banff",33,"baseline_mean",2,"continuous",6.4,6.69638554216867,6.69638554216867
"banff",33,"baseline_mean",2,"continuous",7,6.69638554216867,6.69638554216867
"banff",33,"baseline_mean",2,"continuous",7.7,6.69638554216867,6.69638554216867
"banff",33,"baseline_mean",2,"continuous",11.3,6.69638554216867,6.69638554216867
"banff",33,"baseline_mean",2,"continuous",5.7,6.69638554216867,6.69638554216867
"banff",33,"baseline_mean",2,"continuous",9.8,6.69638554216867,6.69638554216867
"banff",33,"baseline_mean",2,"continuous",8.3,6.69638554216867,6.69638554216867
"banff",33,"baseline_mean",2,"continuous",5.6,6.69638554216867,6.69638554216867
"banff",33,"baseline_mean",2,"continuous",13.1,6.69638554216867,6.69638554216867
"banff",33,"baseline_mean",2,"continuous",6.8,6.69638554216867,6.69638554216867
"banff",33,"baseline_mean",2,"continuous",7.2,6.69638554216867,6.69638554216867
"banff",33,"baseline_mean",2,"continuous",12.2,6.69638554216867,6.69638554216867
"banff",33,"baseline_mean",3,"continuous",4.6,6.88444444444444,6.88444444444444
"banff",33,"baseline_mean",3,"continuous",4.9,6.88444444444444,6.88444444444444
"banff",33,"baseline_mean",3,"continuous",5.2,6.88444444444444,6.88444444444444
"banff",33,"baseline_mean",3,"continuous",7.6,6.88444444444444,6.88444444444444
"banff",33,"baseline_mean",3,"continuous",6.9,6.88444444444444,6.88444444444444
"banff",33,"baseline_mean",3,"continuous",7.3,6.88444444444444,6.88444444444444
"banff",33,"baseline_mean",3,"continuous",7.1,6.88444444444444,6.88444444444444
"banff",33,"baseline_mean",3,"continuous",5.7,6.88444444444444,6.88444444444444
"banff",33,"baseline_mean",3,"continuous",6,6.88444444444444,6.88444444444444
"banff",33,"baseline_mean",3,"continuous",5.5,6.88444444444444,6.88444444444444
"banff",33,"baseline_mean",3,"continuous",6.5,6.88444444444444,6.88444444444444
"banff",33,"baseline_mean",3,"continuous",7,6.88444444444444,6.88444444444444
"banff",33,"baseline_mean",3,"continuous",7.5,6.88444444444444,6.88444444444444
"banff",33,"baseline_mean",3,"continuous",2.6,6.88444444444444,6.88444444444444
"banff",33,"baseline_mean",3,"continuous",8,6.88444444444444,6.88444444444444
"banff",33,"baseline_mean",3,"continuous",6.7,6.88444444444444,6.88444444444444
"banff",33,"baseline_mean",3,"continuous",8.3,6.88444444444444,6.88444444444444
"banff",33,"baseline_mean",3,"continuous",8.9,6.88444444444444,6.88444444444444
"banff",33,"baseline_mean",3,"continuous",8.5,6.88444444444444,6.88444444444444
"banff",33,"baseline_mean",3,"continuous",8.8,6.88444444444444,6.88444444444444
"banff",33,"baseline_mean",4,"continuous",2.9,6.98478260869565,6.98478260869565
"banff",33,"baseline_mean",4,"continuous",5.8,6.98478260869565,6.98478260869565
"banff",33,"baseline_mean",4,"continuous",4.8,6.98478260869565,6.98478260869565
"banff",33,"baseline_mean",4,"continuous",6.7,6.98478260869565,6.98478260869565
"banff",33,"baseline_mean",4,"continuous",4.7,6.98478260869565,6.98478260869565
"banff",33,"baseline_mean",4,"continuous",5.5,6.98478260869565,6.98478260869565
"banff",33,"baseline_mean",4,"continuous",3.7,6.98478260869565,6.98478260869565
"banff",33,"baseline_mean",4,"continuous",6.5,6.98478260869565,6.98478260869565
"banff",33,"baseline_mean",4,"continuous",4.6,6.98478260869565,6.98478260869565
"banff",33,"baseline_mean",4,"continuous",13.6,6.98478260869565,6.98478260869565
"banff",33,"baseline_mean",4,"continuous",4.1,6.98478260869565,6.98478260869565
"banff",33,"baseline_mean",4,"continuous",6.6,6.98478260869565,6.98478260869565
"banff",33,"baseline_mean",4,"continuous",6.6,6.98478260869565,6.98478260869565
"banff",33,"baseline_mean",4,"continuous",6.8,6.98478260869565,6.98478260869565
"banff",33,"baseline_mean",4,"continuous",6.5,6.98478260869565,6.98478260869565
"banff",33,"baseline_mean",4,"continuous",7.1,6.98478260869565,6.98478260869565
"banff",33,"baseline_mean",4,"continuous",6.4,6.98478260869565,6.98478260869565
"banff",33,"baseline_mean",4,"continuous",7.7,6.98478260869565,6.98478260869565
"banff",33,"baseline_mean",5,"continuous",7.6,6.61444444444444,6.61444444444444
"banff",33,"baseline_mean",5,"continuous",4,6.61444444444444,6.61444444444444
"banff",33,"baseline_mean",5,"continuous",5.7,6.61444444444444,6.61444444444444
"banff",33,"baseline_mean",5,"continuous",11.9,6.61444444444444,6.61444444444444
"banff",33,"baseline_mean",5,"continuous",11.9,6.61444444444444,6.61444444444444
"banff",33,"baseline_mean",5,"continuous",11.3,6.61444444444444,6.61444444444444
"banff",33,"baseline_mean",5,"continuous",11.2,6.61444444444444,6.61444444444444
"banff",33,"baseline_mean",5,"continuous",11.9,6.61444444444444,6.61444444444444
"banff",33,"baseline_mean",5,"continuous",7,6.61444444444444,6.61444444444444
"banff",33,"baseline_mean",5,"continuous",6.3,6.61444444444444,6.61444444444444
"banff",33,"baseline_mean",5,"continuous",7.4,6.61444444444444,6.61444444444444
"banff",33,"baseline_mean",5,"continuous",8.4,6.61444444444444,6.61444444444444
"banff",33,"baseline_mean",5,"continuous",6.4,6.61444444444444,6.61444444444444
"banff",33,"baseline_mean",5,"continuous",4.8,6.61444444444444,6.61444444444444
"banff",33,"baseline_mean",5,"continuous",6.1,6.61444444444444,6.61444444444444
"banff",33,"baseline_mean",5,"continuous",5.7,6.61444444444444,6.61444444444444
"banff",33,"baseline_mean",5,"continuous",4.9,6.61444444444444,6.61444444444444
"banff",33,"baseline_mean",5,"continuous",5.3,6.61444444444444,6.61444444444444
"banff",33,"baseline_mean",5,"continuous",10.1,6.61444444444444,6.61444444444444
"banff",33,"baseline_mean",5,"continuous",10,6.61444444444444,6.61444444444444
"banff",33,"ols",1,"continuous",5.9,5.84766984970958,7.05294117647059
"banff",33,"ols",1,"continuous",4.1,8.5956463674163,7.05294117647059
"banff",33,"ols",1,"continuous",5.8,6.18913150797001,7.05294117647059
"banff",33,"ols",1,"continuous",4.3,5.59474804841743,7.05294117647059
"banff",33,"ols",1,"continuous",3.9,8.56132065867603,7.05294117647059
"banff",33,"ols",1,"continuous",6,6.41034163096279,7.05294117647059
"banff",33,"ols",1,"continuous",5.1,4.31406498204531,7.05294117647059
"banff",33,"ols",1,"continuous",6,6.34082271836789,7.05294117647059
"banff",33,"ols",1,"continuous",5.6,5.9403561163982,7.05294117647059
"banff",33,"ols",1,"continuous",7.3,6.38845019145811,7.05294117647059
"banff",33,"ols",1,"continuous",4.8,5.64288855787202,7.05294117647059
"banff",33,"ols",1,"continuous",7.4,8.93630701000258,7.05294117647059
"banff",33,"ols",1,"continuous",8.3,6.85738018617625,7.05294117647059
"banff",33,"ols",1,"continuous",4.8,5.66617659205628,7.05294117647059
"banff",33,"ols",1,"continuous",5.9,6.39421826529718,7.05294117647059
"banff",33,"ols",1,"continuous",5.1,6.18490375388581,7.05294117647059
"banff",33,"ols",1,"continuous",5.5,5.14909926072375,7.05294117647059
"banff",33,"ols",1,"continuous",4.7,5.53609746401343,7.05294117647059
"banff",33,"ols",1,"continuous",5.7,5.87274757912862,7.05294117647059
"banff",33,"ols",1,"continuous",10.7,8.53584040803289,7.05294117647059
"banff",33,"ols",1,"continuous",4.5,5.7765467086934,7.05294117647059
"banff",33,"ols",1,"continuous",8.2,7.55019517538673,7.05294117647059
"banff",33,"ols",1,"continuous",8.3,7.4066589499275,7.05294117647059
"banff",33,"ols",1,"continuous",7.4,11.3252128232629,7.05294117647059
"banff",33,"ols",1,"continuous",8.4,7.51968343428428,7.05294117647059
"banff",33,"ols",2,"continuous",5.8,4.91992317315081,6.69638554216867
"banff",33,"ols",2,"continuous",5.5,6.20379146024992,6.69638554216867
"banff",33,"ols",2,"continuous",3.8,5.10561411931814,6.69638554216867
"banff",33,"ols",2,"continuous",8,7.4397951308362,6.69638554216867
"banff",33,"ols",2,"continuous",5.6,5.84088878120973,6.69638554216867
"banff",33,"ols",2,"continuous",6.9,8.61204876302265,6.69638554216867
"banff",33,"ols",2,"continuous",10.7,6.56012561777328,6.69638554216867
"banff",33,"ols",2,"continuous",6.7,4.30645535237071,6.69638554216867
"banff",33,"ols",2,"continuous",6.8,5.47974432376401,6.69638554216867
"banff",33,"ols",2,"continuous",3.5,4.14293999306531,6.69638554216867
"banff",33,"ols",2,"continuous",4.8,6.13619705998676,6.69638554216867
"banff",33,"ols",2,"continuous",11.5,7.85729317865117,6.69638554216867
"banff",33,"ols",2,"continuous",6.2,5.43699529589641,6.69638554216867
"banff",33,"ols",2,"continuous",5.7,4.04334088800062,6.69638554216867
"banff",33,"ols",2,"continuous",4.8,4.69616095464691,6.69638554216867
"banff",33,"ols",2,"continuous",6.4,7.12819023977286,6.69638554216867
"banff",33,"ols",2,"continuous",7,5.60383761150741,6.69638554216867
"banff",33,"ols",2,"continuous",7.7,5.99042615091439,6.69638554216867
"banff",33,"ols",2,"continuous",11.3,7.84094164272063,6.69638554216867
"banff",33,"ols",2,"continuous",5.7,6.89123213885777,6.69638554216867
"banff",33,"ols",2,"continuous",9.8,8.33610182431526,6.69638554216867
"banff",33,"ols",2,"continuous",8.3,8.60535118683994,6.69638554216867
"banff",33,"ols",2,"continuous",5.6,3.98883576823215,6.69638554216867
"banff",33,"ols",2,"continuous",13.1,7.59021809178568,6.69638554216867
"banff",33,"ols",2,"continuous",6.8,5.50285039344656,6.69638554216867
"banff",33,"ols",2,"continuous",7.2,5.77836464889376,6.69638554216867
"banff",33,"ols",2,"continuous",12.2,7.75373345109108,6.69638554216867
"banff",33,"ols",3,"continuous",4.6,5.98997818579821,6.88444444444444
"banff",33,"ols",3,"continuous",4.9,6.22146878332872,6.88444444444444
"banff",33,"ols",3,"continuous",5.2,6.41328203075053,6.88444444444444
"banff",33,"ols",3,"continuous",7.6,6.36850909435377,6.88444444444444
"banff",33,"ols",3,"continuous",6.9,5.94332306256876,6.88444444444444
"banff",33,"ols",3,"continuous",7.3,6.34293399469753,6.88444444444444
"banff",33,"ols",3,"continuous",7.1,7.05370575860619,6.88444444444444
"banff",33,"ols",3,"continuous",5.7,6.98620391725042,6.88444444444444
"banff",33,"ols",3,"continuous",6,6.85230184881329,6.88444444444444
"banff",33,"ols",3,"continuous",5.5,6.01338483643283,6.88444444444444
"banff",33,"ols",3,"continuous",6.5,6.45431935717817,6.88444444444444
"banff",33,"ols",3,"continuous",7,6.76441744051009,6.88444444444444
"banff",33,"ols",3,"continuous",7.5,7.13513650594892,6.88444444444444
"banff",33,"ols",3,"continuous",2.6,5.32179435909044,6.88444444444444
"banff",33,"ols",3,"continuous",8,7.12874273103486,6.88444444444444
"banff",33,"ols",3,"continuous",6.7,6.71326724119761,6.88444444444444
"banff",33,"ols",3,"continuous",8.3,7.36727605918404,6.88444444444444
"banff",33,"ols",3,"continuous",8.9,7.51113599475039,6.88444444444444
"banff",33,"ols",3,"continuous",8.5,7.40244182121137,6.88444444444444
"banff",33,"ols",3,"continuous",8.8,7.48875778255118,6.88444444444444
"banff",33,"ols",4,"continuous",2.9,5.25032716051645,6.98478260869565
"banff",33,"ols",4,"continuous",5.8,5.0722655470893,6.98478260869565
"banff",33,"ols",4,"continuous",4.8,4.34645567454078,6.98478260869565
"banff",33,"ols",4,"continuous",6.7,6.23940332308549,6.98478260869565
"banff",33,"ols",4,"continuous",4.7,6.43735741946342,6.98478260869565
"banff",33,"ols",4,"continuous",5.5,5.69786210561397,6.98478260869565
"banff",33,"ols",4,"continuous",3.7,5.71107079271782,6.98478260869565
"banff",33,"ols",4,"continuous",6.5,6.14993854013376,6.98478260869565
"banff",33,"ols",4,"continuous",4.6,4.30161589825054,6.98478260869565
"banff",33,"ols",4,"continuous",13.6,8.6044591208475,6.98478260869565
"banff",33,"ols",4,"continuous",4.1,6.28618356534733,6.98478260869565
"banff",33,"ols",4,"continuous",6.6,7.56128850005574,6.98478260869565
"banff",33,"ols",4,"continuous",6.6,7.06705385687042,6.98478260869565
"banff",33,"ols",4,"continuous",6.8,7.12967920493662,6.98478260869565
"banff",33,"ols",4,"continuous",6.5,7.65360086359441,6.98478260869565
"banff",33,"ols",4,"continuous",7.1,7.460698901858,6.98478260869565
"banff",33,"ols",4,"continuous",6.4,4.22549379948596,6.98478260869565
"banff",33,"ols",4,"continuous",7.7,7.31876609908644,6.98478260869565
"banff",33,"ols",5,"continuous",7.6,5.93533441413035,6.61444444444444
"banff",33,"ols",5,"continuous",4,8.38017849811729,6.61444444444444
"banff",33,"ols",5,"continuous",5.7,6.54150968282745,6.61444444444444
"banff",33,"ols",5,"continuous",11.9,11.6604059740607,6.61444444444444
"banff",33,"ols",5,"continuous",11.9,10.6404305904795,6.61444444444444
"banff",33,"ols",5,"continuous",11.3,11.6079063433031,6.61444444444444
"banff",33,"ols",5,"continuous",11.2,11.6716558949374,6.61444444444444
"banff",33,"ols",5,"continuous",11.9,11.6941557366907,6.61444444444444
"banff",33,"ols",5,"continuous",7,5.9502443357781,6.61444444444444
"banff",33,"ols",5,"continuous",6.3,4.91609069592298,6.61444444444444
"banff",33,"ols",5,"continuous",7.4,6.11149320167665,6.61444444444444
"banff",33,"ols",5,"continuous",8.4,7.11320911778671,6.61444444444444
"banff",33,"ols",5,"continuous",6.4,5.97540962401375,6.61444444444444
"banff",33,"ols",5,"continuous",4.8,6.62322279978616,6.61444444444444
"banff",33,"ols",5,"continuous",6.1,3.02110016752352,6.61444444444444
"banff",33,"ols",5,"continuous",5.7,6.25054713600451,6.61444444444444
"banff",33,"ols",5,"continuous",4.9,6.6344727206628,6.61444444444444
"banff",33,"ols",5,"continuous",5.3,6.16054776899137,6.61444444444444
"banff",33,"ols",5,"continuous",10.1,10.6869852217099,6.61444444444444
"banff",33,"ols",5,"continuous",10,10.2431844697205,6.61444444444444
"banff",33,"gam_spatial",1,"continuous",5.9,4.92362338316513,7.05294117647059
"banff",33,"gam_spatial",1,"continuous",4.1,10.4119951826221,7.05294117647059
"banff",33,"gam_spatial",1,"continuous",5.8,5.18813268352581,7.05294117647059
"banff",33,"gam_spatial",1,"continuous",4.3,6.38453189014533,7.05294117647059
"banff",33,"gam_spatial",1,"continuous",3.9,10.4274618556159,7.05294117647059
"banff",33,"gam_spatial",1,"continuous",6,5.51154138646488,7.05294117647059
"banff",33,"gam_spatial",1,"continuous",5.1,4.52178506666225,7.05294117647059
"banff",33,"gam_spatial",1,"continuous",6,7.22735459198946,7.05294117647059
"banff",33,"gam_spatial",1,"continuous",5.6,6.91172752548936,7.05294117647059
"banff",33,"gam_spatial",1,"continuous",7.3,7.53487195065194,7.05294117647059
"banff",33,"gam_spatial",1,"continuous",4.8,7.13210237034451,7.05294117647059
"banff",33,"gam_spatial",1,"continuous",7.4,8.82490737056381,7.05294117647059
"banff",33,"gam_spatial",1,"continuous",8.3,7.6902320693963,7.05294117647059
"banff",33,"gam_spatial",1,"continuous",4.8,5.81745443069396,7.05294117647059
"banff",33,"gam_spatial",1,"continuous",5.9,7.26938181684607,7.05294117647059
"banff",33,"gam_spatial",1,"continuous",5.1,6.53786387017669,7.05294117647059
"banff",33,"gam_spatial",1,"continuous",5.5,5.72102001254311,7.05294117647059
"banff",33,"gam_spatial",1,"continuous",4.7,7.0874579191976,7.05294117647059
"banff",33,"gam_spatial",1,"continuous",5.7,6.86678613196381,7.05294117647059
"banff",33,"gam_spatial",1,"continuous",10.7,8.09121625999298,7.05294117647059
"banff",33,"gam_spatial",1,"continuous",4.5,7.33496492770943,7.05294117647059
"banff",33,"gam_spatial",1,"continuous",8.2,6.53869644695293,7.05294117647059
"banff",33,"gam_spatial",1,"continuous",8.3,8.14187626175198,7.05294117647059
"banff",33,"gam_spatial",1,"continuous",7.4,11.6869922808435,7.05294117647059
"banff",33,"gam_spatial",1,"continuous",8.4,6.53572617601552,7.05294117647059
"banff",33,"gam_spatial",2,"continuous",5.8,4.30603608634042,6.69638554216867
"banff",33,"gam_spatial",2,"continuous",5.5,6.31755171201497,6.69638554216867
"banff",33,"gam_spatial",2,"continuous",3.8,4.68810634674158,6.69638554216867
"banff",33,"gam_spatial",2,"continuous",8,5.99380405789721,6.69638554216867
"banff",33,"gam_spatial",2,"continuous",5.6,5.51785051485034,6.69638554216867
"banff",33,"gam_spatial",2,"continuous",6.9,8.60130033247414,6.69638554216867
"banff",33,"gam_spatial",2,"continuous",10.7,5.27864340956831,6.69638554216867
"banff",33,"gam_spatial",2,"continuous",6.7,1.78915798090999,6.69638554216867
"banff",33,"gam_spatial",2,"continuous",6.8,4.27693478959471,6.69638554216867
"banff",33,"gam_spatial",2,"continuous",3.5,2.001285645869,6.69638554216867
"banff",33,"gam_spatial",2,"continuous",4.8,4.21442040349645,6.69638554216867
"banff",33,"gam_spatial",2,"continuous",11.5,5.10343276339469,6.69638554216867
"banff",33,"gam_spatial",2,"continuous",6.2,4.19581211719636,6.69638554216867
"banff",33,"gam_spatial",2,"continuous",5.7,5.70002591509654,6.69638554216867
"banff",33,"gam_spatial",2,"continuous",4.8,3.37973168256091,6.69638554216867
"banff",33,"gam_spatial",2,"continuous",6.4,4.65004748510036,6.69638554216867
"banff",33,"gam_spatial",2,"continuous",7,2.57166875895892,6.69638554216867
"banff",33,"gam_spatial",2,"continuous",7.7,4.32818098962494,6.69638554216867
"banff",33,"gam_spatial",2,"continuous",11.3,5.10489040137838,6.69638554216867
"banff",33,"gam_spatial",2,"continuous",5.7,4.50255092726953,6.69638554216867
"banff",33,"gam_spatial",2,"continuous",9.8,5.55251619120158,6.69638554216867
"banff",33,"gam_spatial",2,"continuous",8.3,5.69989836775881,6.69638554216867
"banff",33,"gam_spatial",2,"continuous",5.6,5.72458130641911,6.69638554216867
"banff",33,"gam_spatial",2,"continuous",13.1,5.03902455895263,6.69638554216867
"banff",33,"gam_spatial",2,"continuous",6.8,2.36618105989108,6.69638554216867
"banff",33,"gam_spatial",2,"continuous",7.2,3.128666013068,6.69638554216867
"banff",33,"gam_spatial",2,"continuous",12.2,5.07194141563507,6.69638554216867
"banff",33,"gam_spatial",3,"continuous",4.6,5.22819070434272,6.88444444444444
"banff",33,"gam_spatial",3,"continuous",4.9,5.75214980398446,6.88444444444444
"banff",33,"gam_spatial",3,"continuous",5.2,6.55557225534826,6.88444444444444
"banff",33,"gam_spatial",3,"continuous",7.6,7.00568536152131,6.88444444444444
"banff",33,"gam_spatial",3,"continuous",6.9,6.60037156309698,6.88444444444444
"banff",33,"gam_spatial",3,"continuous",7.3,7.02366213537419,6.88444444444444
"banff",33,"gam_spatial",3,"continuous",7.1,5.13000399600912,6.88444444444444
"banff",33,"gam_spatial",3,"continuous",5.7,5.53080878026664,6.88444444444444
"banff",33,"gam_spatial",3,"continuous",6,5.24065941513381,6.88444444444444
"banff",33,"gam_spatial",3,"continuous",5.5,3.64627724232618,6.88444444444444
"banff",33,"gam_spatial",3,"continuous",6.5,4.24237346638421,6.88444444444444
"banff",33,"gam_spatial",3,"continuous",7,4.94942497335597,6.88444444444444
"banff",33,"gam_spatial",3,"continuous",7.5,5.27380291512951,6.88444444444444
"banff",33,"gam_spatial",3,"continuous",2.6,2.9412893754381,6.88444444444444
"banff",33,"gam_spatial",3,"continuous",8,5.27044326992363,6.88444444444444
"banff",33,"gam_spatial",3,"continuous",6.7,4.82355982235534,6.88444444444444
"banff",33,"gam_spatial",3,"continuous",8.3,6.53363908240232,6.88444444444444
"banff",33,"gam_spatial",3,"continuous",8.9,7.20286585457329,6.88444444444444
"banff",33,"gam_spatial",3,"continuous",8.5,6.6598387978214,6.88444444444444
"banff",33,"gam_spatial",3,"continuous",8.8,7.08881703961914,6.88444444444444
"banff",33,"gam_spatial",4,"continuous",2.9,6.9453213761698,6.98478260869565
"banff",33,"gam_spatial",4,"continuous",5.8,7.04777838883501,6.98478260869565
"banff",33,"gam_spatial",4,"continuous",4.8,6.14060902832157,6.98478260869565
"banff",33,"gam_spatial",4,"continuous",6.7,6.23653004703093,6.98478260869565
"banff",33,"gam_spatial",4,"continuous",4.7,6.48682660971377,6.98478260869565
"banff",33,"gam_spatial",4,"continuous",5.5,3.83367316235632,6.98478260869565
"banff",33,"gam_spatial",4,"continuous",3.7,6.88376515466804,6.98478260869565
"banff",33,"gam_spatial",4,"continuous",6.5,5.99383898993493,6.98478260869565
"banff",33,"gam_spatial",4,"continuous",4.6,3.13340008164173,6.98478260869565
"banff",33,"gam_spatial",4,"continuous",13.6,6.19196210786708,6.98478260869565
"banff",33,"gam_spatial",4,"continuous",4.1,4.90813163089552,6.98478260869565
"banff",33,"gam_spatial",4,"continuous",6.6,7.42161070365035,6.98478260869565
"banff",33,"gam_spatial",4,"continuous",6.6,7.10594030028919,6.98478260869565
"banff",33,"gam_spatial",4,"continuous",6.8,7.16187411986274,6.98478260869565
"banff",33,"gam_spatial",4,"continuous",6.5,7.47994879358689,6.98478260869565
"banff",33,"gam_spatial",4,"continuous",7.1,7.37083024176091,6.98478260869565
"banff",33,"gam_spatial",4,"continuous",6.4,5.72269897505552,6.98478260869565
"banff",33,"gam_spatial",4,"continuous",7.7,8.09332732428014,6.98478260869565
"banff",33,"gam_spatial",5,"continuous",7.6,5.26017961446089,6.61444444444444
"banff",33,"gam_spatial",5,"continuous",4,5.74693972603967,6.61444444444444
"banff",33,"gam_spatial",5,"continuous",5.7,5.99644972132499,6.61444444444444
"banff",33,"gam_spatial",5,"continuous",11.9,11.3722024375289,6.61444444444444
"banff",33,"gam_spatial",5,"continuous",11.9,10.2538143169848,6.61444444444444
"banff",33,"gam_spatial",5,"continuous",11.3,11.1322094894397,6.61444444444444
"banff",33,"gam_spatial",5,"continuous",11.2,11.584087796769,6.61444444444444
"banff",33,"gam_spatial",5,"continuous",11.9,11.5835620758426,6.61444444444444
"banff",33,"gam_spatial",5,"continuous",7,6.56800919625955,6.61444444444444
"banff",33,"gam_spatial",5,"continuous",6.3,5.85676896744122,6.61444444444444
"banff",33,"gam_spatial",5,"continuous",7.4,6.62574663265618,6.61444444444444
"banff",33,"gam_spatial",5,"continuous",8.4,6.86387566357942,6.61444444444444
"banff",33,"gam_spatial",5,"continuous",6.4,6.43265103346506,6.61444444444444
"banff",33,"gam_spatial",5,"continuous",4.8,7.73351607502575,6.61444444444444
"banff",33,"gam_spatial",5,"continuous",6.1,5.27251010551669,6.61444444444444
"banff",33,"gam_spatial",5,"continuous",5.7,7.47835242538882,6.61444444444444
"banff",33,"gam_spatial",5,"continuous",4.9,7.74061250304374,6.61444444444444
"banff",33,"gam_spatial",5,"continuous",5.3,7.4204022882876,6.61444444444444
"banff",33,"gam_spatial",5,"continuous",10.1,12.0460101812835,6.61444444444444
"banff",33,"gam_spatial",5,"continuous",10,11.4781015927106,6.61444444444444
"banff",33,"random_forest",1,"continuous",5.9,5.98928624276612,7.05294117647059
"banff",33,"random_forest",1,"continuous",4.1,7.74295505549376,7.05294117647059
"banff",33,"random_forest",1,"continuous",5.8,6.24695640121048,7.05294117647059
"banff",33,"random_forest",1,"continuous",4.3,5.81769365866456,7.05294117647059
"banff",33,"random_forest",1,"continuous",3.9,7.67620505549376,7.05294117647059
"banff",33,"random_forest",1,"continuous",6,6.13580128757412,7.05294117647059
"banff",33,"random_forest",1,"continuous",5.1,6.18019327677218,7.05294117647059
"banff",33,"random_forest",1,"continuous",6,6.18334606874754,7.05294117647059
"banff",33,"random_forest",1,"continuous",5.6,6.3395847809175,7.05294117647059
"banff",33,"random_forest",1,"continuous",7.3,5.93816592502001,7.05294117647059
"banff",33,"random_forest",1,"continuous",4.8,5.55318732947256,7.05294117647059
"banff",33,"random_forest",1,"continuous",7.4,7.75566021422391,7.05294117647059
"banff",33,"random_forest",1,"continuous",8.3,6.64563753978758,7.05294117647059
"banff",33,"random_forest",1,"continuous",4.8,5.68314531314273,7.05294117647059
"banff",33,"random_forest",1,"continuous",5.9,6.20706684796832,7.05294117647059
"banff",33,"random_forest",1,"continuous",5.1,6.3155851394167,7.05294117647059
"banff",33,"random_forest",1,"continuous",5.5,5.27494531003988,7.05294117647059
"banff",33,"random_forest",1,"continuous",4.7,5.53687734778758,7.05294117647059
"banff",33,"random_forest",1,"continuous",5.7,6.02315151518139,7.05294117647059
"banff",33,"random_forest",1,"continuous",10.7,7.04798218392088,7.05294117647059
"banff",33,"random_forest",1,"continuous",4.5,6.11507084563306,7.05294117647059
"banff",33,"random_forest",1,"continuous",8.2,6.92681965740863,7.05294117647059
"banff",33,"random_forest",1,"continuous",8.3,7.89096735774056,7.05294117647059
"banff",33,"random_forest",1,"continuous",7.4,9.84552534639566,7.05294117647059
"banff",33,"random_forest",1,"continuous",8.4,6.92681965740863,7.05294117647059
"banff",33,"random_forest",2,"continuous",5.8,5.38420016003298,6.69638554216867
"banff",33,"random_forest",2,"continuous",5.5,5.59341373926066,6.69638554216867
"banff",33,"random_forest",2,"continuous",3.8,5.58157502917995,6.69638554216867
"banff",33,"random_forest",2,"continuous",8,7.36111816765966,6.69638554216867
"banff",33,"random_forest",2,"continuous",5.6,5.98345145583615,6.69638554216867
"banff",33,"random_forest",2,"continuous",6.9,6.82107630211044,6.69638554216867
"banff",33,"random_forest",2,"continuous",10.7,7.92430685813585,6.69638554216867
"banff",33,"random_forest",2,"continuous",6.7,6.16219250626307,6.69638554216867
"banff",33,"random_forest",2,"continuous",6.8,5.63324348312618,6.69638554216867
"banff",33,"random_forest",2,"continuous",3.5,6.28600826980987,6.69638554216867
"banff",33,"random_forest",2,"continuous",4.8,6.8829503105168,6.69638554216867
"banff",33,"random_forest",2,"continuous",11.5,9.22160159940087,6.69638554216867
"banff",33,"random_forest",2,"continuous",6.2,5.653771285347,6.69638554216867
"banff",33,"random_forest",2,"continuous",5.7,5.51554996634294,6.69638554216867
"banff",33,"random_forest",2,"continuous",4.8,5.37234442068462,6.69638554216867
"banff",33,"random_forest",2,"continuous",6.4,6.22203959623108,6.69638554216867
"banff",33,"random_forest",2,"continuous",7,5.6337936799736,6.69638554216867
"banff",33,"random_forest",2,"continuous",7.7,5.88833244190652,6.69638554216867
"banff",33,"random_forest",2,"continuous",11.3,9.2950062115602,6.69638554216867
"banff",33,"random_forest",2,"continuous",5.7,6.79429296877711,6.69638554216867
"banff",33,"random_forest",2,"continuous",9.8,8.8137021361035,6.69638554216867
"banff",33,"random_forest",2,"continuous",8.3,8.78584499324635,6.69638554216867
"banff",33,"random_forest",2,"continuous",5.6,5.54881663300961,6.69638554216867
"banff",33,"random_forest",2,"continuous",13.1,8.91334510044909,6.69638554216867
"banff",33,"random_forest",2,"continuous",6.8,5.76575642587061,6.69638554216867
"banff",33,"random_forest",2,"continuous",7.2,5.36075605497417,6.69638554216867
"banff",33,"random_forest",2,"continuous",12.2,9.6236062115602,6.69638554216867
"banff",33,"random_forest",3,"continuous",4.6,5.68780434607311,6.88444444444444
"banff",33,"random_forest",3,"continuous",4.9,6.23814141159463,6.88444444444444
"banff",33,"random_forest",3,"continuous",5.2,6.22686150258921,6.88444444444444
"banff",33,"random_forest",3,"continuous",7.6,8.25166192935665,6.88444444444444
"banff",33,"random_forest",3,"continuous",6.9,6.19803435746699,6.88444444444444
"banff",33,"random_forest",3,"continuous",7.3,8.25166192935665,6.88444444444444
"banff",33,"random_forest",3,"continuous",7.1,7.15181266792829,6.88444444444444
"banff",33,"random_forest",3,"continuous",5.7,6.53950458888716,6.88444444444444
"banff",33,"random_forest",3,"continuous",6,6.75257872771391,6.88444444444444
"banff",33,"random_forest",3,"continuous",5.5,5.94685819630262,6.88444444444444
"banff",33,"random_forest",3,"continuous",6.5,5.74004619271135,6.88444444444444
"banff",33,"random_forest",3,"continuous",7,6.1278416047872,6.88444444444444
"banff",33,"random_forest",3,"continuous",7.5,7.30566648302158,6.88444444444444
"banff",33,"random_forest",3,"continuous",2.6,5.88747006686328,6.88444444444444
"banff",33,"random_forest",3,"continuous",8,7.28694029254539,6.88444444444444
"banff",33,"random_forest",3,"continuous",6.7,5.91720001666518,6.88444444444444
"banff",33,"random_forest",3,"continuous",8.3,8.72961729486754,6.88444444444444
"banff",33,"random_forest",3,"continuous",8.9,8.74588396153421,6.88444444444444
"banff",33,"random_forest",3,"continuous",8.5,8.72961729486754,6.88444444444444
"banff",33,"random_forest",3,"continuous",8.8,8.74588396153421,6.88444444444444
"banff",33,"random_forest",4,"continuous",2.9,5.86573599843663,6.98478260869565
"banff",33,"random_forest",4,"continuous",5.8,5.73175181470101,6.98478260869565
"banff",33,"random_forest",4,"continuous",4.8,5.97039252005445,6.98478260869565
"banff",33,"random_forest",4,"continuous",6.7,6.84208398275937,6.98478260869565
"banff",33,"random_forest",4,"continuous",4.7,6.11329371668799,6.98478260869565
"banff",33,"random_forest",4,"continuous",5.5,6.09257313390356,6.98478260869565
"banff",33,"random_forest",4,"continuous",3.7,6.16355798230072,6.98478260869565
"banff",33,"random_forest",4,"continuous",6.5,6.82708398275937,6.98478260869565
"banff",33,"random_forest",4,"continuous",4.6,5.62087679880671,6.98478260869565
"banff",33,"random_forest",4,"continuous",13.6,10.0516991572455,6.98478260869565
"banff",33,"random_forest",4,"continuous",4.1,6.13326622938737,6.98478260869565
"banff",33,"random_forest",4,"continuous",6.6,7.5169465387988,6.98478260869565
"banff",33,"random_forest",4,"continuous",6.6,6.86174237986946,6.98478260869565
"banff",33,"random_forest",4,"continuous",6.8,6.85165904653612,6.98478260869565
"banff",33,"random_forest",4,"continuous",6.5,7.20150373695242,6.98478260869565
"banff",33,"random_forest",4,"continuous",7.1,7.27366381673953,6.98478260869565
"banff",33,"random_forest",4,"continuous",6.4,6.17710704541394,6.98478260869565
"banff",33,"random_forest",4,"continuous",7.7,8.36562477292667,6.98478260869565
"banff",33,"random_forest",5,"continuous",7.6,5.82220719426285,6.61444444444444
"banff",33,"random_forest",5,"continuous",4,7.15142795529634,6.61444444444444
"banff",33,"random_forest",5,"continuous",5.7,6.37891187967551,6.61444444444444
"banff",33,"random_forest",5,"continuous",11.9,8.36458382175226,6.61444444444444
"banff",33,"random_forest",5,"continuous",11.9,7.43301410621258,6.61444444444444
"banff",33,"random_forest",5,"continuous",11.3,8.34011159953004,6.61444444444444
"banff",33,"random_forest",5,"continuous",11.2,8.36458382175226,6.61444444444444
"banff",33,"random_forest",5,"continuous",11.9,8.36458382175226,6.61444444444444
"banff",33,"random_forest",5,"continuous",7,5.82272006370316,6.61444444444444
"banff",33,"random_forest",5,"continuous",6.3,5.27769565573976,6.61444444444444
"banff",33,"random_forest",5,"continuous",7.4,6.07639288870756,6.61444444444444
"banff",33,"random_forest",5,"continuous",8.4,6.76570554465465,6.61444444444444
"banff",33,"random_forest",5,"continuous",6.4,5.78705236159551,6.61444444444444
"banff",33,"random_forest",5,"continuous",4.8,6.23045784406299,6.61444444444444
"banff",33,"random_forest",5,"continuous",6.1,5.76427642335796,6.61444444444444
"banff",33,"random_forest",5,"continuous",5.7,6.02733837475831,6.61444444444444
"banff",33,"random_forest",5,"continuous",4.9,6.23045784406299,6.61444444444444
"banff",33,"random_forest",5,"continuous",5.3,5.76268013937329,6.61444444444444
"banff",33,"random_forest",5,"continuous",10.1,8.24278148218007,6.61444444444444
"banff",33,"random_forest",5,"continuous",10,7.45502905490768,6.61444444444444
"banff",33,"xgboost",1,"continuous",5.9,7.29268360137939,7.05294117647059
"banff",33,"xgboost",1,"continuous",4.1,6.8433837890625,7.05294117647059
"banff",33,"xgboost",1,"continuous",5.8,6.210373878479,7.05294117647059
"banff",33,"xgboost",1,"continuous",4.3,4.00490379333496,7.05294117647059
"banff",33,"xgboost",1,"continuous",3.9,5.09515762329102,7.05294117647059
"banff",33,"xgboost",1,"continuous",6,5.50770282745361,7.05294117647059
"banff",33,"xgboost",1,"continuous",5.1,7.44178104400635,7.05294117647059
"banff",33,"xgboost",1,"continuous",6,5.62707805633545,7.05294117647059
"banff",33,"xgboost",1,"continuous",5.6,7.04548025131226,7.05294117647059
"banff",33,"xgboost",1,"continuous",7.3,5.35812425613403,7.05294117647059
"banff",33,"xgboost",1,"continuous",4.8,4.81640434265137,7.05294117647059
"banff",33,"xgboost",1,"continuous",7.4,8.00660991668701,7.05294117647059
"banff",33,"xgboost",1,"continuous",8.3,6.36847543716431,7.05294117647059
"banff",33,"xgboost",1,"continuous",4.8,5.35567045211792,7.05294117647059
"banff",33,"xgboost",1,"continuous",5.9,6.08069944381714,7.05294117647059
"banff",33,"xgboost",1,"continuous",5.1,6.46256923675537,7.05294117647059
"banff",33,"xgboost",1,"continuous",5.5,5.30360984802246,7.05294117647059
"banff",33,"xgboost",1,"continuous",4.7,4.01285123825073,7.05294117647059
"banff",33,"xgboost",1,"continuous",5.7,6.90116119384766,7.05294117647059
"banff",33,"xgboost",1,"continuous",10.7,5.27334976196289,7.05294117647059
"banff",33,"xgboost",1,"continuous",4.5,5.7127742767334,7.05294117647059
"banff",33,"xgboost",1,"continuous",8.2,7.57468175888062,7.05294117647059
"banff",33,"xgboost",1,"continuous",8.3,6.93049335479736,7.05294117647059
"banff",33,"xgboost",1,"continuous",7.4,11.2525501251221,7.05294117647059
"banff",33,"xgboost",1,"continuous",8.4,7.49611949920654,7.05294117647059
"banff",33,"xgboost",2,"continuous",5.8,5.80305957794189,6.69638554216867
"banff",33,"xgboost",2,"continuous",5.5,5.41566181182861,6.69638554216867
"banff",33,"xgboost",2,"continuous",3.8,4.74540948867798,6.69638554216867
"banff",33,"xgboost",2,"continuous",8,4.10913038253784,6.69638554216867
"banff",33,"xgboost",2,"continuous",5.6,5.49047899246216,6.69638554216867
"banff",33,"xgboost",2,"continuous",6.9,5.41695165634155,6.69638554216867
"banff",33,"xgboost",2,"continuous",10.7,7.68543720245361,6.69638554216867
"banff",33,"xgboost",2,"continuous",6.7,6.89419984817505,6.69638554216867
"banff",33,"xgboost",2,"continuous",6.8,5.36417102813721,6.69638554216867
"banff",33,"xgboost",2,"continuous",3.5,6.88146162033081,6.69638554216867
"banff",33,"xgboost",2,"continuous",4.8,5.15362930297852,6.69638554216867
"banff",33,"xgboost",2,"continuous",11.5,10.9294090270996,6.69638554216867
"banff",33,"xgboost",2,"continuous",6.2,5.74869918823242,6.69638554216867
"banff",33,"xgboost",2,"continuous",5.7,6.32195281982422,6.69638554216867
"banff",33,"xgboost",2,"continuous",4.8,5.52653694152832,6.69638554216867
"banff",33,"xgboost",2,"continuous",6.4,4.05376482009888,6.69638554216867
"banff",33,"xgboost",2,"continuous",7,5.38367366790771,6.69638554216867
"banff",33,"xgboost",2,"continuous",7.7,5.80102157592773,6.69638554216867
"banff",33,"xgboost",2,"continuous",11.3,10.9977216720581,6.69638554216867
"banff",33,"xgboost",2,"continuous",5.7,5.46117782592773,6.69638554216867
"banff",33,"xgboost",2,"continuous",9.8,10.8324565887451,6.69638554216867
"banff",33,"xgboost",2,"continuous",8.3,10.8440008163452,6.69638554216867
"banff",33,"xgboost",2,"continuous",5.6,6.32195281982422,6.69638554216867
"banff",33,"xgboost",2,"continuous",13.1,9.78282451629639,6.69638554216867
"banff",33,"xgboost",2,"continuous",6.8,4.90289449691772,6.69638554216867
"banff",33,"xgboost",2,"continuous",7.2,5.37625360488892,6.69638554216867
"banff",33,"xgboost",2,"continuous",12.2,9.76929092407227,6.69638554216867
"banff",33,"xgboost",3,"continuous",4.6,5.81489038467407,6.88444444444444
"banff",33,"xgboost",3,"continuous",4.9,5.90504217147827,6.88444444444444
"banff",33,"xgboost",3,"continuous",5.2,4.8115119934082,6.88444444444444
"banff",33,"xgboost",3,"continuous",7.6,8.2555103302002,6.88444444444444
"banff",33,"xgboost",3,"continuous",6.9,6.86633682250977,6.88444444444444
"banff",33,"xgboost",3,"continuous",7.3,8.2555103302002,6.88444444444444
"banff",33,"xgboost",3,"continuous",7.1,8.22561740875244,6.88444444444444
"banff",33,"xgboost",3,"continuous",5.7,7.38543701171875,6.88444444444444
"banff",33,"xgboost",3,"continuous",6,6.60558462142944,6.88444444444444
"banff",33,"xgboost",3,"continuous",5.5,6.4518780708313,6.88444444444444
"banff",33,"xgboost",3,"continuous",6.5,5.36023998260498,6.88444444444444
"banff",33,"xgboost",3,"continuous",7,6.47293615341187,6.88444444444444
"banff",33,"xgboost",3,"continuous",7.5,8.30733776092529,6.88444444444444
"banff",33,"xgboost",3,"continuous",2.6,5.98281860351562,6.88444444444444
"banff",33,"xgboost",3,"continuous",8,8.30733776092529,6.88444444444444
"banff",33,"xgboost",3,"continuous",6.7,5.29170560836792,6.88444444444444
"banff",33,"xgboost",3,"continuous",8.3,8.02802181243896,6.88444444444444
"banff",33,"xgboost",3,"continuous",8.9,8.51662349700928,6.88444444444444
"banff",33,"xgboost",3,"continuous",8.5,8.02802181243896,6.88444444444444
"banff",33,"xgboost",3,"continuous",8.8,8.51662349700928,6.88444444444444
"banff",33,"xgboost",4,"continuous",2.9,6.08995628356934,6.98478260869565
"banff",33,"xgboost",4,"continuous",5.8,5.17032241821289,6.98478260869565
"banff",33,"xgboost",4,"continuous",4.8,5.26821994781494,6.98478260869565
"banff",33,"xgboost",4,"continuous",6.7,5.80313777923584,6.98478260869565
"banff",33,"xgboost",4,"continuous",4.7,6.74908351898193,6.98478260869565
"banff",33,"xgboost",4,"continuous",5.5,4.80489587783813,6.98478260869565
"banff",33,"xgboost",4,"continuous",3.7,5.86620473861694,6.98478260869565
"banff",33,"xgboost",4,"continuous",6.5,5.77368688583374,6.98478260869565
"banff",33,"xgboost",4,"continuous",4.6,6.03388214111328,6.98478260869565
"banff",33,"xgboost",4,"continuous",13.6,11.2295389175415,6.98478260869565
"banff",33,"xgboost",4,"continuous",4.1,5.89581966400146,6.98478260869565
"banff",33,"xgboost",4,"continuous",6.6,8.2983455657959,6.98478260869565
"banff",33,"xgboost",4,"continuous",6.6,5.63253927230835,6.98478260869565
"banff",33,"xgboost",4,"continuous",6.8,5.63253927230835,6.98478260869565
"banff",33,"xgboost",4,"continuous",6.5,8.04526042938232,6.98478260869565
"banff",33,"xgboost",4,"continuous",7.1,6.82905435562134,6.98478260869565
"banff",33,"xgboost",4,"continuous",6.4,5.80178070068359,6.98478260869565
"banff",33,"xgboost",4,"continuous",7.7,5.53656482696533,6.98478260869565
"banff",33,"xgboost",5,"continuous",7.6,5.99218273162842,6.61444444444444
"banff",33,"xgboost",5,"continuous",4,10.4595680236816,6.61444444444444
"banff",33,"xgboost",5,"continuous",5.7,7.03391170501709,6.61444444444444
"banff",33,"xgboost",5,"continuous",11.9,7.40006542205811,6.61444444444444
"banff",33,"xgboost",5,"continuous",11.9,7.06211996078491,6.61444444444444
"banff",33,"xgboost",5,"continuous",11.3,7.42204475402832,6.61444444444444
"banff",33,"xgboost",5,"continuous",11.2,7.40006542205811,6.61444444444444
"banff",33,"xgboost",5,"continuous",11.9,7.47985219955444,6.61444444444444
"banff",33,"xgboost",5,"continuous",7,6.12187194824219,6.61444444444444
"banff",33,"xgboost",5,"continuous",6.3,5.11204481124878,6.61444444444444
"banff",33,"xgboost",5,"continuous",7.4,7.10735654830933,6.61444444444444
"banff",33,"xgboost",5,"continuous",8.4,6.32578659057617,6.61444444444444
"banff",33,"xgboost",5,"continuous",6.4,4.88687133789062,6.61444444444444
"banff",33,"xgboost",5,"continuous",4.8,6.93750715255737,6.61444444444444
"banff",33,"xgboost",5,"continuous",6.1,4.84944200515747,6.61444444444444
"banff",33,"xgboost",5,"continuous",5.7,5.86807775497437,6.61444444444444
"banff",33,"xgboost",5,"continuous",4.9,6.93750715255737,6.61444444444444
"banff",33,"xgboost",5,"continuous",5.3,4.61390447616577,6.61444444444444
"banff",33,"xgboost",5,"continuous",10.1,8.25618648529053,6.61444444444444
"banff",33,"xgboost",5,"continuous",10,7.43062114715576,6.61444444444444
"banff",33,"sar_lag",1,"continuous",5.9,5.66912806822087,7.05294117647059
"banff",33,"sar_lag",1,"continuous",4.1,8.02731930900469,7.05294117647059
"banff",33,"sar_lag",1,"continuous",5.8,5.95350391364798,7.05294117647059
"banff",33,"sar_lag",1,"continuous",4.3,5.4987967357874,7.05294117647059
"banff",33,"sar_lag",1,"continuous",3.9,8.02771179853627,7.05294117647059
"banff",33,"sar_lag",1,"continuous",6,5.99067553599703,7.05294117647059
"banff",33,"sar_lag",1,"continuous",5.1,4.34972609759939,7.05294117647059
"banff",33,"sar_lag",1,"continuous",6,5.93613512082663,7.05294117647059
"banff",33,"sar_lag",1,"continuous",5.6,5.76169667939538,7.05294117647059
"banff",33,"sar_lag",1,"continuous",7.3,6.08743645547804,7.05294117647059
"banff",33,"sar_lag",1,"continuous",4.8,5.28144762134919,7.05294117647059
"banff",33,"sar_lag",1,"continuous",7.4,8.14228011337259,7.05294117647059
"banff",33,"sar_lag",1,"continuous",8.3,6.47203760136873,7.05294117647059
"banff",33,"sar_lag",1,"continuous",4.8,5.55274169519663,7.05294117647059
"banff",33,"sar_lag",1,"continuous",5.9,5.98985484988244,7.05294117647059
"banff",33,"sar_lag",1,"continuous",5.1,5.91421489734974,7.05294117647059
"banff",33,"sar_lag",1,"continuous",5.5,4.85539550960689,7.05294117647059
"banff",33,"sar_lag",1,"continuous",4.7,7.37181070982775,7.05294117647059
"banff",33,"sar_lag",1,"continuous",5.7,6.30462304400896,7.05294117647059
"banff",33,"sar_lag",1,"continuous",10.7,9.53110543015337,7.05294117647059
"banff",33,"sar_lag",1,"continuous",4.5,5.04833760220358,7.05294117647059
"banff",33,"sar_lag",1,"continuous",8.2,8.32100941407085,7.05294117647059
"banff",33,"sar_lag",1,"continuous",8.3,8.18259824057793,7.05294117647059
"banff",33,"sar_lag",1,"continuous",7.4,11.2233885357642,7.05294117647059
"banff",33,"sar_lag",1,"continuous",8.4,7.45291859788562,7.05294117647059
"banff",33,"sar_lag",2,"continuous",5.8,4.92527199678768,6.69638554216867
"banff",33,"sar_lag",2,"continuous",5.5,6.20936358932735,6.69638554216867
"banff",33,"sar_lag",2,"continuous",3.8,5.15217306817466,6.69638554216867
"banff",33,"sar_lag",2,"continuous",8,7.42338803808467,6.69638554216867
"banff",33,"sar_lag",2,"continuous",5.6,5.83827427141245,6.69638554216867
"banff",33,"sar_lag",2,"continuous",6.9,8.52392139954248,6.69638554216867
"banff",33,"sar_lag",2,"continuous",10.7,6.59492360381821,6.69638554216867
"banff",33,"sar_lag",2,"continuous",6.7,4.3398955592067,6.69638554216867
"banff",33,"sar_lag",2,"continuous",6.8,5.45496247217425,6.69638554216867
"banff",33,"sar_lag",2,"continuous",3.5,4.2093512544794,6.69638554216867
"banff",33,"sar_lag",2,"continuous",4.8,6.14594823532163,6.69638554216867
"banff",33,"sar_lag",2,"continuous",11.5,7.86105510342535,6.69638554216867
"banff",33,"sar_lag",2,"continuous",6.2,5.46753403960146,6.69638554216867
"banff",33,"sar_lag",2,"continuous",5.7,4.09521800415875,6.69638554216867
"banff",33,"sar_lag",2,"continuous",4.8,4.71301561166608,6.69638554216867
"banff",33,"sar_lag",2,"continuous",6.4,7.14241279880308,6.69638554216867
"banff",33,"sar_lag",2,"continuous",7,5.63068308739094,6.69638554216867
"banff",33,"sar_lag",2,"continuous",7.7,5.99369107423718,6.69638554216867
"banff",33,"sar_lag",2,"continuous",11.3,7.84449808309428,6.69638554216867
"banff",33,"sar_lag",2,"continuous",5.7,6.87441947658861,6.69638554216867
"banff",33,"sar_lag",2,"continuous",9.8,8.32016744536378,6.69638554216867
"banff",33,"sar_lag",2,"continuous",8.3,8.52617030549025,6.69638554216867
"banff",33,"sar_lag",2,"continuous",5.6,4.03182120448206,6.69638554216867
"banff",33,"sar_lag",2,"continuous",13.1,7.32897856827308,6.69638554216867
"banff",33,"sar_lag",2,"continuous",6.8,5.50277592741243,6.69638554216867
"banff",33,"sar_lag",2,"continuous",7.2,5.7941426463861,6.69638554216867
"banff",33,"sar_lag",2,"continuous",12.2,7.48698720063688,6.69638554216867
"banff",33,"sar_lag",3,"continuous",4.6,5.98650416174269,6.88444444444444
"banff",33,"sar_lag",3,"continuous",4.9,6.21481759152785,6.88444444444444
"banff",33,"sar_lag",3,"continuous",5.2,6.40206393249921,6.88444444444444
"banff",33,"sar_lag",3,"continuous",7.6,6.36543810944264,6.88444444444444
"banff",33,"sar_lag",3,"continuous",6.9,5.97417879238685,6.88444444444444
"banff",33,"sar_lag",3,"continuous",7.3,6.36540917762264,6.88444444444444
"banff",33,"sar_lag",3,"continuous",7.1,7.04785467499872,6.88444444444444
"banff",33,"sar_lag",3,"continuous",5.7,6.97685901873889,6.88444444444444
"banff",33,"sar_lag",3,"continuous",6,6.83247976267528,6.88444444444444
"banff",33,"sar_lag",3,"continuous",5.5,6.01402385783797,6.88444444444444
"banff",33,"sar_lag",3,"continuous",6.5,6.44512757818255,6.88444444444444
"banff",33,"sar_lag",3,"continuous",7,6.76205977960444,6.88444444444444
"banff",33,"sar_lag",3,"continuous",7.5,7.11217148452275,6.88444444444444
"banff",33,"sar_lag",3,"continuous",2.6,5.32895862723269,6.88444444444444
"banff",33,"sar_lag",3,"continuous",8,7.11517126552636,6.88444444444444
"banff",33,"sar_lag",3,"continuous",6.7,6.71390524801279,6.88444444444444
"banff",33,"sar_lag",3,"continuous",8.3,7.35654110641385,6.88444444444444
"banff",33,"sar_lag",3,"continuous",8.9,7.54050315094926,6.88444444444444
"banff",33,"sar_lag",3,"continuous",8.5,7.05230905124773,6.88444444444444
"banff",33,"sar_lag",3,"continuous",8.8,7.1385618007051,6.88444444444444
"banff",33,"sar_lag",4,"continuous",2.9,4.92509165368157,6.98478260869565
"banff",33,"sar_lag",4,"continuous",5.8,4.79718386315559,6.98478260869565
"banff",33,"sar_lag",4,"continuous",4.8,4.14485763227365,6.98478260869565
"banff",33,"sar_lag",4,"continuous",6.7,5.9214727352534,6.98478260869565
"banff",33,"sar_lag",4,"continuous",4.7,5.96566808540731,6.98478260869565
"banff",33,"sar_lag",4,"continuous",5.5,5.61063088966098,6.98478260869565
"banff",33,"sar_lag",4,"continuous",3.7,5.31361748199406,6.98478260869565
"banff",33,"sar_lag",4,"continuous",6.5,6.21501937157347,6.98478260869565
"banff",33,"sar_lag",4,"continuous",4.6,4.11984577226478,6.98478260869565
"banff",33,"sar_lag",4,"continuous",13.6,8.38141784580838,6.98478260869565
"banff",33,"sar_lag",4,"continuous",4.1,6.42478319252035,6.98478260869565
"banff",33,"sar_lag",4,"continuous",6.6,7.26381669138987,6.98478260869565
"banff",33,"sar_lag",4,"continuous",6.6,6.74806940811162,6.98478260869565
"banff",33,"sar_lag",4,"continuous",6.8,7.1263541251443,6.98478260869565
"banff",33,"sar_lag",4,"continuous",6.5,7.00331161472381,6.98478260869565
"banff",33,"sar_lag",4,"continuous",7.1,7.40108034732755,6.98478260869565
"banff",33,"sar_lag",4,"continuous",6.4,4.45774057456703,6.98478260869565
"banff",33,"sar_lag",4,"continuous",7.7,6.80266755323379,6.98478260869565
"banff",33,"sar_lag",5,"continuous",7.6,5.99368079806974,6.61444444444444
"banff",33,"sar_lag",5,"continuous",4,8.45976445162211,6.61444444444444
"banff",33,"sar_lag",5,"continuous",5.7,6.66701796540448,6.61444444444444
"banff",33,"sar_lag",5,"continuous",11.9,11.6836340246092,6.61444444444444
"banff",33,"sar_lag",5,"continuous",11.9,10.7246318653474,6.61444444444444
"banff",33,"sar_lag",5,"continuous",11.3,11.5041595034294,6.61444444444444
"banff",33,"sar_lag",5,"continuous",11.2,11.6140177954916,6.61444444444444
"banff",33,"sar_lag",5,"continuous",11.9,11.6643477176772,6.61444444444444
"banff",33,"sar_lag",5,"continuous",7,5.9911435379585,6.61444444444444
"banff",33,"sar_lag",5,"continuous",6.3,4.93249183453486,6.61444444444444
"banff",33,"sar_lag",5,"continuous",7.4,6.14932059704067,6.61444444444444
"banff",33,"sar_lag",5,"continuous",8.4,7.22009953342552,6.61444444444444
"banff",33,"sar_lag",5,"continuous",6.4,6.11706554432882,6.61444444444444
"banff",33,"sar_lag",5,"continuous",4.8,6.66801813355481,6.61444444444444
"banff",33,"sar_lag",5,"continuous",6.1,3.18369666834255,6.61444444444444
"banff",33,"sar_lag",5,"continuous",5.7,6.31546313096075,6.61444444444444
"banff",33,"sar_lag",5,"continuous",4.9,6.75307538857058,6.61444444444444
"banff",33,"sar_lag",5,"continuous",5.3,6.28717381869253,6.61444444444444
"banff",33,"sar_lag",5,"continuous",10.1,10.7466149995109,6.61444444444444
"banff",33,"sar_lag",5,"continuous",10,10.0992088128489,6.61444444444444
"banff",33,"sem_error",1,"continuous",5.9,5.84035025214261,7.05294117647059
"banff",33,"sem_error",1,"continuous",4.1,8.24710053699231,7.05294117647059
"banff",33,"sem_error",1,"continuous",5.8,6.16926392482637,7.05294117647059
"banff",33,"sem_error",1,"continuous",4.3,5.33941259011451,7.05294117647059
"banff",33,"sem_error",1,"continuous",3.9,8.20645926940955,7.05294117647059
"banff",33,"sem_error",1,"continuous",6,6.43117431591527,7.05294117647059
"banff",33,"sem_error",1,"continuous",5.1,4.78151836784094,7.05294117647059
"banff",33,"sem_error",1,"continuous",6,6.36699046386855,7.05294117647059
"banff",33,"sem_error",1,"continuous",5.6,5.89284234206968,7.05294117647059
"banff",33,"sem_error",1,"continuous",7.3,6.37643766657074,7.05294117647059
"banff",33,"sem_error",1,"continuous",4.8,5.54949512918908,7.05294117647059
"banff",33,"sem_error",1,"continuous",7.4,8.56125988502856,7.05294117647059
"banff",33,"sem_error",1,"continuous",8.3,6.75450625782265,7.05294117647059
"banff",33,"sem_error",1,"continuous",4.8,5.47231625109537,7.05294117647059
"banff",33,"sem_error",1,"continuous",5.9,6.43021021344173,7.05294117647059
"banff",33,"sem_error",1,"continuous",5.1,5.96595655177154,7.05294117647059
"banff",33,"sem_error",1,"continuous",5.5,5.06493156375522,7.05294117647059
"banff",33,"sem_error",1,"continuous",4.7,5.42305563004272,7.05294117647059
"banff",33,"sem_error",1,"continuous",5.7,5.8388939845562,7.05294117647059
"banff",33,"sem_error",1,"continuous",10.7,8.08711176322969,7.05294117647059
"banff",33,"sem_error",1,"continuous",4.5,5.95932835140637,7.05294117647059
"banff",33,"sem_error",1,"continuous",8.2,7.48147817659276,7.05294117647059
"banff",33,"sem_error",1,"continuous",8.3,7.5093788602104,7.05294117647059
"banff",33,"sem_error",1,"continuous",7.4,11.1852547432546,7.05294117647059
"banff",33,"sem_error",1,"continuous",8.4,7.44535260540809,7.05294117647059
"banff",33,"sem_error",2,"continuous",5.8,4.92033784794182,6.69638554216867
"banff",33,"sem_error",2,"continuous",5.5,6.20400496569195,6.69638554216867
"banff",33,"sem_error",2,"continuous",3.8,5.10606925945438,6.69638554216867
"banff",33,"sem_error",2,"continuous",8,7.4392941658038,6.69638554216867
"banff",33,"sem_error",2,"continuous",5.6,5.8412072000901,6.69638554216867
"banff",33,"sem_error",2,"continuous",6.9,8.61122500024228,6.69638554216867
"banff",33,"sem_error",2,"continuous",10.7,6.55986054611909,6.69638554216867
"banff",33,"sem_error",2,"continuous",6.7,4.30707327954986,6.69638554216867
"banff",33,"sem_error",2,"continuous",6.8,5.4799807941768,6.69638554216867
"banff",33,"sem_error",2,"continuous",3.5,4.14359585014903,6.69638554216867
"banff",33,"sem_error",2,"continuous",4.8,6.13591169872716,6.69638554216867
"banff",33,"sem_error",2,"continuous",11.5,7.85677200041348,6.69638554216867
"banff",33,"sem_error",2,"continuous",6.2,5.43735007930921,6.69638554216867
"banff",33,"sem_error",2,"continuous",5.7,4.04399007011747,6.69638554216867
"banff",33,"sem_error",2,"continuous",4.8,4.69659191555554,6.69638554216867
"banff",33,"sem_error",2,"continuous",6.4,7.12767477042558,6.69638554216867
"banff",33,"sem_error",2,"continuous",7,5.60417472217423,6.69638554216867
"banff",33,"sem_error",2,"continuous",7.7,5.99063175698542,6.69638554216867
"banff",33,"sem_error",2,"continuous",11.3,7.8404242574734,6.69638554216867
"banff",33,"sem_error",2,"continuous",5.7,6.8905978556004,6.69638554216867
"banff",33,"sem_error",2,"continuous",9.8,8.33551260367175,6.69638554216867
"banff",33,"sem_error",2,"continuous",8.3,8.60469240069779,6.69638554216867
"banff",33,"sem_error",2,"continuous",5.6,3.98949759365053,6.69638554216867
"banff",33,"sem_error",2,"continuous",13.1,7.58975886572544,6.69638554216867
"banff",33,"sem_error",2,"continuous",6.8,5.50323637987174,6.69638554216867
"banff",33,"sem_error",2,"continuous",7.2,5.77867212212682,6.69638554216867
"banff",33,"sem_error",2,"continuous",12.2,7.75323629512628,6.69638554216867
"banff",33,"sem_error",3,"continuous",4.6,5.9827497868392,6.88444444444444
"banff",33,"sem_error",3,"continuous",4.9,6.21466592539805,6.88444444444444
"banff",33,"sem_error",3,"continuous",5.2,6.41106395851475,6.88444444444444
"banff",33,"sem_error",3,"continuous",7.6,6.41464046205071,6.88444444444444
"banff",33,"sem_error",3,"continuous",6.9,5.97929148864201,6.88444444444444
"banff",33,"sem_error",3,"continuous",7.3,6.38845405763515,6.88444444444444
"banff",33,"sem_error",3,"continuous",7.1,7.05765378166253,6.88444444444444
"banff",33,"sem_error",3,"continuous",5.7,6.99992821532434,6.88444444444444
"banff",33,"sem_error",3,"continuous",6,6.85143584688999,6.88444444444444
"banff",33,"sem_error",3,"continuous",5.5,6.01173089978696,6.88444444444444
"banff",33,"sem_error",3,"continuous",6.5,6.45563064338876,6.88444444444444
"banff",33,"sem_error",3,"continuous",7,6.77314079692744,6.88444444444444
"banff",33,"sem_error",3,"continuous",7.5,7.1410976637043,6.88444444444444
"banff",33,"sem_error",3,"continuous",2.6,5.30959219599007,6.88444444444444
"banff",33,"sem_error",3,"continuous",8,7.13455106260041,6.88444444444444
"banff",33,"sem_error",3,"continuous",6.7,6.72076798809632,6.88444444444444
"banff",33,"sem_error",3,"continuous",8.3,7.3955182928248,6.88444444444444
"banff",33,"sem_error",3,"continuous",8.9,7.54281681766233,6.88444444444444
"banff",33,"sem_error",3,"continuous",8.5,7.43152459889619,6.88444444444444
"banff",33,"sem_error",3,"continuous",8.8,7.51990371379871,6.88444444444444
"banff",33,"sem_error",4,"continuous",2.9,5.2557273057281,6.98478260869565
"banff",33,"sem_error",4,"continuous",5.8,5.05512955931559,6.98478260869565
"banff",33,"sem_error",4,"continuous",4.8,4.42053308203085,6.98478260869565
"banff",33,"sem_error",4,"continuous",6.7,6.32229802847955,6.98478260869565
"banff",33,"sem_error",4,"continuous",4.7,6.47623031830933,6.98478260869565
"banff",33,"sem_error",4,"continuous",5.5,5.69290211843502,6.98478260869565
"banff",33,"sem_error",4,"continuous",3.7,5.73296731325903,6.98478260869565
"banff",33,"sem_error",4,"continuous",6.5,6.22963006585219,6.98478260869565
"banff",33,"sem_error",4,"continuous",4.6,4.31074576864397,6.98478260869565
"banff",33,"sem_error",4,"continuous",13.6,8.42034732361256,6.98478260869565
"banff",33,"sem_error",4,"continuous",4.1,6.29217898811015,6.98478260869565
"banff",33,"sem_error",4,"continuous",6.6,7.62558985333265,6.98478260869565
"banff",33,"sem_error",4,"continuous",6.6,7.11485378716739,6.98478260869565
"banff",33,"sem_error",4,"continuous",6.8,7.17972136100655,6.98478260869565
"banff",33,"sem_error",4,"continuous",6.5,7.70831929896544,6.98478260869565
"banff",33,"sem_error",4,"continuous",7.1,7.5225928227278,6.98478260869565
"banff",33,"sem_error",4,"continuous",6.4,4.18807253129068,6.98478260869565
"banff",33,"sem_error",4,"continuous",7.7,7.11410513929349,6.98478260869565
"banff",33,"sem_error",5,"continuous",7.6,5.9475183630469,6.61444444444444
"banff",33,"sem_error",5,"continuous",4,8.36285620376928,6.61444444444444
"banff",33,"sem_error",5,"continuous",5.7,6.55170475235096,6.61444444444444
"banff",33,"sem_error",5,"continuous",11.9,11.6237414062408,6.61444444444444
"banff",33,"sem_error",5,"continuous",11.9,10.5976091145281,6.61444444444444
"banff",33,"sem_error",5,"continuous",11.3,11.571798916208,6.61444444444444
"banff",33,"sem_error",5,"continuous",11.2,11.6348719398193,6.61444444444444
"banff",33,"sem_error",5,"continuous",11.9,11.6571330069762,6.61444444444444
"banff",33,"sem_error",5,"continuous",7,5.96674125949415,6.61444444444444
"banff",33,"sem_error",5,"continuous",6.3,4.93007847329634,6.61444444444444
"banff",33,"sem_error",5,"continuous",7.4,6.12627890745196,6.61444444444444
"banff",33,"sem_error",5,"continuous",8.4,7.12681818476028,6.61444444444444
"banff",33,"sem_error",5,"continuous",6.4,5.98482290680274,6.61444444444444
"banff",33,"sem_error",5,"continuous",4.8,6.63849759156462,6.61444444444444
"banff",33,"sem_error",5,"continuous",6.1,2.99561071171775,6.61444444444444
"banff",33,"sem_error",5,"continuous",5.7,6.25856233893965,6.61444444444444
"banff",33,"sem_error",5,"continuous",4.9,6.64962812514307,6.61444444444444
"banff",33,"sem_error",5,"continuous",5.3,6.16951807031204,6.61444444444444
"banff",33,"sem_error",5,"continuous",10.1,10.659774395019,6.61444444444444
"banff",33,"sem_error",5,"continuous",10,10.2085603962091,6.61444444444444
"banff",33,"inla_spde",1,"continuous",5.9,5.55829755938799,7.05294117647059
"banff",33,"inla_spde",1,"continuous",4.1,9.58075455709023,7.05294117647059
"banff",33,"inla_spde",1,"continuous",5.8,5.71593756548796,7.05294117647059
"banff",33,"inla_spde",1,"continuous",4.3,5.77576910936777,7.05294117647059
"banff",33,"inla_spde",1,"continuous",3.9,9.56619861456715,7.05294117647059
"banff",33,"inla_spde",1,"continuous",6,5.88634722141446,7.05294117647059
"banff",33,"inla_spde",1,"continuous",5.1,5.03771551784206,7.05294117647059
"banff",33,"inla_spde",1,"continuous",6,7.32137060889754,7.05294117647059
"banff",33,"inla_spde",1,"continuous",5.6,6.64439614336678,7.05294117647059
"banff",33,"inla_spde",1,"continuous",7.3,7.24677543700133,7.05294117647059
"banff",33,"inla_spde",1,"continuous",4.8,6.33249259473382,7.05294117647059
"banff",33,"inla_spde",1,"continuous",7.4,8.86321697662735,7.05294117647059
"banff",33,"inla_spde",1,"continuous",8.3,7.43393183351285,7.05294117647059
"banff",33,"inla_spde",1,"continuous",4.8,5.75523738150961,7.05294117647059
"banff",33,"inla_spde",1,"continuous",5.9,7.39504470856879,7.05294117647059
"banff",33,"inla_spde",1,"continuous",5.1,6.35235548640721,7.05294117647059
"banff",33,"inla_spde",1,"continuous",5.5,5.48630165414219,7.05294117647059
"banff",33,"inla_spde",1,"continuous",4.7,6.22233090077226,7.05294117647059
"banff",33,"inla_spde",1,"continuous",5.7,6.55235369756071,7.05294117647059
"banff",33,"inla_spde",1,"continuous",10.7,8.10020194738594,7.05294117647059
"banff",33,"inla_spde",1,"continuous",4.5,7.05514923882297,7.05294117647059
"banff",33,"inla_spde",1,"continuous",8.2,6.88364632239143,7.05294117647059
"banff",33,"inla_spde",1,"continuous",8.3,7.75164682804951,7.05294117647059
"banff",33,"inla_spde",1,"continuous",7.4,11.3898625141322,7.05294117647059
"banff",33,"inla_spde",1,"continuous",8.4,6.83843206027896,7.05294117647059
"banff",33,"inla_spde",2,"continuous",5.8,4.90447286157056,6.69638554216867
"banff",33,"inla_spde",2,"continuous",5.5,5.97762909734387,6.69638554216867
"banff",33,"inla_spde",2,"continuous",3.8,5.01981625512652,6.69638554216867
"banff",33,"inla_spde",2,"continuous",8,7.50953055346846,6.69638554216867
"banff",33,"inla_spde",2,"continuous",5.6,5.71386669976068,6.69638554216867
"banff",33,"inla_spde",2,"continuous",6.9,8.78916840008012,6.69638554216867
"banff",33,"inla_spde",2,"continuous",10.7,6.7597875138784,6.69638554216867
"banff",33,"inla_spde",2,"continuous",6.7,3.86082732054013,6.69638554216867
"banff",33,"inla_spde",2,"continuous",6.8,5.52424570925518,6.69638554216867
"banff",33,"inla_spde",2,"continuous",3.5,3.73632715754233,6.69638554216867
"banff",33,"inla_spde",2,"continuous",4.8,6.45934128530002,6.69638554216867
"banff",33,"inla_spde",2,"continuous",11.5,7.21512137462143,6.69638554216867
"banff",33,"inla_spde",2,"continuous",6.2,5.39869597125683,6.69638554216867
"banff",33,"inla_spde",2,"continuous",5.7,5.29500319988303,6.69638554216867
"banff",33,"inla_spde",2,"continuous",4.8,4.84987354531633,6.69638554216867
"banff",33,"inla_spde",2,"continuous",6.4,7.31780288811992,6.69638554216867
"banff",33,"inla_spde",2,"continuous",7,5.28325844672615,6.69638554216867
"banff",33,"inla_spde",2,"continuous",7.7,5.85116805765997,6.69638554216867
"banff",33,"inla_spde",2,"continuous",11.3,7.21239263635952,6.69638554216867
"banff",33,"inla_spde",2,"continuous",5.7,7.2297593777285,6.69638554216867
"banff",33,"inla_spde",2,"continuous",9.8,7.96260388987686,6.69638554216867
"banff",33,"inla_spde",2,"continuous",8.3,8.34569408980027,6.69638554216867
"banff",33,"inla_spde",2,"continuous",5.6,5.32071316395169,6.69638554216867
"banff",33,"inla_spde",2,"continuous",13.1,6.92957427538546,6.69638554216867
"banff",33,"inla_spde",2,"continuous",6.8,5.13099682656842,6.69638554216867
"banff",33,"inla_spde",2,"continuous",7.2,5.47724393003261,6.69638554216867
"banff",33,"inla_spde",2,"continuous",12.2,7.09327296163045,6.69638554216867
"banff",33,"inla_spde",3,"continuous",4.6,5.64932163506135,6.88444444444444
"banff",33,"inla_spde",3,"continuous",4.9,6.13530892775223,6.88444444444444
"banff",33,"inla_spde",3,"continuous",5.2,6.64459400272771,6.88444444444444
"banff",33,"inla_spde",3,"continuous",7.6,7.09470940374783,6.88444444444444
"banff",33,"inla_spde",3,"continuous",6.9,6.64020186056532,6.88444444444444
"banff",33,"inla_spde",3,"continuous",7.3,7.08306088466901,6.88444444444444
"banff",33,"inla_spde",3,"continuous",7.1,6.50188731374276,6.88444444444444
"banff",33,"inla_spde",3,"continuous",5.7,6.60766238128986,6.88444444444444
"banff",33,"inla_spde",3,"continuous",6,6.08059323320048,6.88444444444444
"banff",33,"inla_spde",3,"continuous",5.5,5.38275286417801,6.88444444444444
"banff",33,"inla_spde",3,"continuous",6.5,5.78781785841811,6.88444444444444
"banff",33,"inla_spde",3,"continuous",7,6.31905005379069,6.88444444444444
"banff",33,"inla_spde",3,"continuous",7.5,6.57272907030919,6.88444444444444
"banff",33,"inla_spde",3,"continuous",2.6,4.70146218504614,6.88444444444444
"banff",33,"inla_spde",3,"continuous",8,6.56940643152229,6.88444444444444
"banff",33,"inla_spde",3,"continuous",6.7,6.225390502381,6.88444444444444
"banff",33,"inla_spde",3,"continuous",8.3,7.53798138640762,6.88444444444444
"banff",33,"inla_spde",3,"continuous",8.9,7.69969663504151,6.88444444444444
"banff",33,"inla_spde",3,"continuous",8.5,7.57291526767654,6.88444444444444
"banff",33,"inla_spde",3,"continuous",8.8,7.70066145686924,6.88444444444444
"banff",33,"inla_spde",4,"continuous",2.9,5.67184451162077,6.98478260869565
"banff",33,"inla_spde",4,"continuous",5.8,5.54254035891425,6.98478260869565
"banff",33,"inla_spde",4,"continuous",4.8,5.68221790005244,6.98478260869565
"banff",33,"inla_spde",4,"continuous",6.7,6.76920894308903,6.98478260869565
"banff",33,"inla_spde",4,"continuous",4.7,6.52837053907883,6.98478260869565
"banff",33,"inla_spde",4,"continuous",5.5,4.83169107702662,6.98478260869565
"banff",33,"inla_spde",4,"continuous",3.7,6.03956536183767,6.98478260869565
"banff",33,"inla_spde",4,"continuous",6.5,6.72288071113129,6.98478260869565
"banff",33,"inla_spde",4,"continuous",4.6,4.29517312672592,6.98478260869565
"banff",33,"inla_spde",4,"continuous",13.6,7.31652817285343,6.98478260869565
"banff",33,"inla_spde",4,"continuous",4.1,5.53863605944606,6.98478260869565
"banff",33,"inla_spde",4,"continuous",6.6,7.33165163859365,6.98478260869565
"banff",33,"inla_spde",4,"continuous",6.6,6.64063768218492,6.98478260869565
"banff",33,"inla_spde",4,"continuous",6.8,6.80813965451405,6.98478260869565
"banff",33,"inla_spde",4,"continuous",6.5,7.24721027751523,6.98478260869565
"banff",33,"inla_spde",4,"continuous",7.1,7.18710497558949,6.98478260869565
"banff",33,"inla_spde",4,"continuous",6.4,4.87315263465341,6.98478260869565
"banff",33,"inla_spde",4,"continuous",7.7,7.17998557729313,6.98478260869565
"banff",33,"inla_spde",5,"continuous",7.6,5.77071593628793,6.61444444444444
"banff",33,"inla_spde",5,"continuous",4,7.91048916284424,6.61444444444444
"banff",33,"inla_spde",5,"continuous",5.7,6.32238789950074,6.61444444444444
"banff",33,"inla_spde",5,"continuous",11.9,11.7992871767024,6.61444444444444
"banff",33,"inla_spde",5,"continuous",11.9,10.6071498078656,6.61444444444444
"banff",33,"inla_spde",5,"continuous",11.3,11.6507013381495,6.61444444444444
"banff",33,"inla_spde",5,"continuous",11.2,11.8146961741048,6.61444444444444
"banff",33,"inla_spde",5,"continuous",11.9,11.7823674917469,6.61444444444444
"banff",33,"inla_spde",5,"continuous",7,6.17571384297824,6.61444444444444
"banff",33,"inla_spde",5,"continuous",6.3,5.10266516228841,6.61444444444444
"banff",33,"inla_spde",5,"continuous",7.4,6.30589663177,6.61444444444444
"banff",33,"inla_spde",5,"continuous",8.4,6.87037391725342,6.61444444444444
"banff",33,"inla_spde",5,"continuous",6.4,6.0879545671395,6.61444444444444
"banff",33,"inla_spde",5,"continuous",4.8,6.51589484849131,6.61444444444444
"banff",33,"inla_spde",5,"continuous",6.1,3.11417464394561,6.61444444444444
"banff",33,"inla_spde",5,"continuous",5.7,6.17603191457786,6.61444444444444
"banff",33,"inla_spde",5,"continuous",4.9,6.52741877707178,6.61444444444444
"banff",33,"inla_spde",5,"continuous",5.3,6.08413070280805,6.61444444444444
"banff",33,"inla_spde",5,"continuous",10.1,10.5370085754819,6.61444444444444
"banff",33,"inla_spde",5,"continuous",10,10.100612445015,6.61444444444444
"banff",33,"inla_spde_group",1,"continuous",5.9,5.55980233051765,7.05294117647059
"banff",33,"inla_spde_group",1,"continuous",4.1,9.52926269025639,7.05294117647059
"banff",33,"inla_spde_group",1,"continuous",5.8,5.7509373992626,7.05294117647059
"banff",33,"inla_spde_group",1,"continuous",4.3,5.74712511840727,7.05294117647059
"banff",33,"inla_spde_group",1,"continuous",3.9,9.51508279140046,7.05294117647059
"banff",33,"inla_spde_group",1,"continuous",6,5.95075019684247,7.05294117647059
"banff",33,"inla_spde_group",1,"continuous",5.1,5.02190911020996,7.05294117647059
"banff",33,"inla_spde_group",1,"continuous",6,7.34937089321368,7.05294117647059
"banff",33,"inla_spde_group",1,"continuous",5.6,6.68831073184605,7.05294117647059
"banff",33,"inla_spde_group",1,"continuous",7.3,7.31957755916865,7.05294117647059
"banff",33,"inla_spde_group",1,"continuous",4.8,6.39875066028933,7.05294117647059
"banff",33,"inla_spde_group",1,"continuous",7.4,8.91113392165394,7.05294117647059
"banff",33,"inla_spde_group",1,"continuous",8.3,7.51014195699428,7.05294117647059
"banff",33,"inla_spde_group",1,"continuous",4.8,5.82065620265808,7.05294117647059
"banff",33,"inla_spde_group",1,"continuous",5.9,7.42269056937618,7.05294117647059
"banff",33,"inla_spde_group",1,"continuous",5.1,6.41119712429508,7.05294117647059
"banff",33,"inla_spde_group",1,"continuous",5.5,5.54206348756018,7.05294117647059
"banff",33,"inla_spde_group",1,"continuous",4.7,6.28946892358922,7.05294117647059
"banff",33,"inla_spde_group",1,"continuous",5.7,6.60008509301284,7.05294117647059
"banff",33,"inla_spde_group",1,"continuous",10.7,8.13833119985242,7.05294117647059
"banff",33,"inla_spde_group",1,"continuous",4.5,7.11705480175279,7.05294117647059
"banff",33,"inla_spde_group",1,"continuous",8.2,6.94728572338539,7.05294117647059
"banff",33,"inla_spde_group",1,"continuous",8.3,7.76908157465467,7.05294117647059
"banff",33,"inla_spde_group",1,"continuous",7.4,11.3746295270006,7.05294117647059
"banff",33,"inla_spde_group",1,"continuous",8.4,6.90475549884153,7.05294117647059
"banff",33,"inla_spde_group",2,"continuous",5.8,4.83215014805607,6.69638554216867
"banff",33,"inla_spde_group",2,"continuous",5.5,5.95950745690949,6.69638554216867
"banff",33,"inla_spde_group",2,"continuous",3.8,4.97277891563802,6.69638554216867
"banff",33,"inla_spde_group",2,"continuous",8,7.46151015103561,6.69638554216867
"banff",33,"inla_spde_group",2,"continuous",5.6,5.65259076745261,6.69638554216867
"banff",33,"inla_spde_group",2,"continuous",6.9,8.72260197826456,6.69638554216867
"banff",33,"inla_spde_group",2,"continuous",10.7,6.74611541095976,6.69638554216867
"banff",33,"inla_spde_group",2,"continuous",6.7,3.8925941829867,6.69638554216867
"banff",33,"inla_spde_group",2,"continuous",6.8,5.50649032474392,6.69638554216867
"banff",33,"inla_spde_group",2,"continuous",3.5,3.77087472632053,6.69638554216867
"banff",33,"inla_spde_group",2,"continuous",4.8,6.42583640910434,6.69638554216867
"banff",33,"inla_spde_group",2,"continuous",11.5,7.22345939765753,6.69638554216867
"banff",33,"inla_spde_group",2,"continuous",6.2,5.44545935150301,6.69638554216867
"banff",33,"inla_spde_group",2,"continuous",5.7,5.31622999185514,6.69638554216867
"banff",33,"inla_spde_group",2,"continuous",4.8,4.88991687084739,6.69638554216867
"banff",33,"inla_spde_group",2,"continuous",6.4,7.30819591154641,6.69638554216867
"banff",33,"inla_spde_group",2,"continuous",7,5.29567474474174,6.69638554216867
"banff",33,"inla_spde_group",2,"continuous",7.7,5.84686396649522,6.69638554216867
"banff",33,"inla_spde_group",2,"continuous",11.3,7.21621742667003,6.69638554216867
"banff",33,"inla_spde_group",2,"continuous",5.7,7.21563376754528,6.69638554216867
"banff",33,"inla_spde_group",2,"continuous",9.8,7.97729219288588,6.69638554216867
"banff",33,"inla_spde_group",2,"continuous",8.3,8.35859348006341,6.69638554216867
"banff",33,"inla_spde_group",2,"continuous",5.6,5.33822808844131,6.69638554216867
"banff",33,"inla_spde_group",2,"continuous",13.1,6.93827869223845,6.69638554216867
"banff",33,"inla_spde_group",2,"continuous",6.8,5.16664631009882,6.69638554216867
"banff",33,"inla_spde_group",2,"continuous",7.2,5.48036739329169,6.69638554216867
"banff",33,"inla_spde_group",2,"continuous",12.2,7.10325625061235,6.69638554216867
"banff",33,"inla_spde_group",3,"continuous",4.6,5.62994907361978,6.88444444444444
"banff",33,"inla_spde_group",3,"continuous",4.9,6.12210544518454,6.88444444444444
"banff",33,"inla_spde_group",3,"continuous",5.2,6.67465166367242,6.88444444444444
"banff",33,"inla_spde_group",3,"continuous",7.6,7.14526306417371,6.88444444444444
"banff",33,"inla_spde_group",3,"continuous",6.9,6.66837168894748,6.88444444444444
"banff",33,"inla_spde_group",3,"continuous",7.3,7.12623487788428,6.88444444444444
"banff",33,"inla_spde_group",3,"continuous",7.1,6.5675377439405,6.88444444444444
"banff",33,"inla_spde_group",3,"continuous",5.7,6.61934580389804,6.88444444444444
"banff",33,"inla_spde_group",3,"continuous",6,6.09358727795877,6.88444444444444
"banff",33,"inla_spde_group",3,"continuous",5.5,5.4323259057738,6.88444444444444
"banff",33,"inla_spde_group",3,"continuous",6.5,5.85162772375966,6.88444444444444
"banff",33,"inla_spde_group",3,"continuous",7,6.38626537139848,6.88444444444444
"banff",33,"inla_spde_group",3,"continuous",7.5,6.63591079619649,6.88444444444444
"banff",33,"inla_spde_group",3,"continuous",2.6,4.71645703085028,6.88444444444444
"banff",33,"inla_spde_group",3,"continuous",8,6.63276436013633,6.88444444444444
"banff",33,"inla_spde_group",3,"continuous",6.7,6.2925933576577,6.88444444444444
"banff",33,"inla_spde_group",3,"continuous",8.3,7.61574621218492,6.88444444444444
"banff",33,"inla_spde_group",3,"continuous",8.9,7.74656040423594,6.88444444444444
"banff",33,"inla_spde_group",3,"continuous",8.5,7.64085976025769,6.88444444444444
"banff",33,"inla_spde_group",3,"continuous",8.8,7.7190495656708,6.88444444444444
"banff",33,"inla_spde_group",4,"continuous",2.9,5.58649434176326,6.98478260869565
"banff",33,"inla_spde_group",4,"continuous",5.8,5.50602792602454,6.98478260869565
"banff",33,"inla_spde_group",4,"continuous",4.8,5.5854672718473,6.98478260869565
"banff",33,"inla_spde_group",4,"continuous",6.7,6.78232028545715,6.98478260869565
"banff",33,"inla_spde_group",4,"continuous",4.7,6.51842742357889,6.98478260869565
"banff",33,"inla_spde_group",4,"continuous",5.5,4.87720303424479,6.98478260869565
"banff",33,"inla_spde_group",4,"continuous",3.7,5.96357192715972,6.98478260869565
"banff",33,"inla_spde_group",4,"continuous",6.5,6.73588442028502,6.98478260869565
"banff",33,"inla_spde_group",4,"continuous",4.6,4.30848032076365,6.98478260869565
"banff",33,"inla_spde_group",4,"continuous",13.6,7.34800651626302,6.98478260869565
"banff",33,"inla_spde_group",4,"continuous",4.1,5.50080323626564,6.98478260869565
"banff",33,"inla_spde_group",4,"continuous",6.6,7.42206608926573,6.98478260869565
"banff",33,"inla_spde_group",4,"continuous",6.6,6.6128926601293,6.98478260869565
"banff",33,"inla_spde_group",4,"continuous",6.8,6.78745055506148,6.98478260869565
"banff",33,"inla_spde_group",4,"continuous",6.5,7.31177922770929,6.98478260869565
"banff",33,"inla_spde_group",4,"continuous",7.1,7.23082248331721,6.98478260869565
"banff",33,"inla_spde_group",4,"continuous",6.4,4.86370957498622,6.98478260869565
"banff",33,"inla_spde_group",4,"continuous",7.7,7.16753714868315,6.98478260869565
"banff",33,"inla_spde_group",5,"continuous",7.6,5.80844503649399,6.61444444444444
"banff",33,"inla_spde_group",5,"continuous",4,8.03181875552018,6.61444444444444
"banff",33,"inla_spde_group",5,"continuous",5.7,6.32418417257811,6.61444444444444
"banff",33,"inla_spde_group",5,"continuous",11.9,11.730917801826,6.61444444444444
"banff",33,"inla_spde_group",5,"continuous",11.9,10.5770632491229,6.61444444444444
"banff",33,"inla_spde_group",5,"continuous",11.3,11.6243151423555,6.61444444444444
"banff",33,"inla_spde_group",5,"continuous",11.2,11.7555949009383,6.61444444444444
"banff",33,"inla_spde_group",5,"continuous",11.9,11.7302249906424,6.61444444444444
"banff",33,"inla_spde_group",5,"continuous",7,6.25166478484674,6.61444444444444
"banff",33,"inla_spde_group",5,"continuous",6.3,5.1352877882204,6.61444444444444
"banff",33,"inla_spde_group",5,"continuous",7.4,6.38977801591784,6.61444444444444
"banff",33,"inla_spde_group",5,"continuous",8.4,6.87587758734812,6.61444444444444
"banff",33,"inla_spde_group",5,"continuous",6.4,6.15363339524508,6.61444444444444
"banff",33,"inla_spde_group",5,"continuous",4.8,6.51941080463699,6.61444444444444
"banff",33,"inla_spde_group",5,"continuous",6.1,3.10452823197021,6.61444444444444
"banff",33,"inla_spde_group",5,"continuous",5.7,6.16452256615788,6.61444444444444
"banff",33,"inla_spde_group",5,"continuous",4.9,6.52999283072401,6.61444444444444
"banff",33,"inla_spde_group",5,"continuous",5.3,6.07977530413713,6.61444444444444
"banff",33,"inla_spde_group",5,"continuous",10.1,10.5921603987035,6.61444444444444
"banff",33,"inla_spde_group",5,"continuous",10,10.1710234045703,6.61444444444444
